name, link, rating, votes, year, releaseDate, genres, runtime, plot, image, imageCaption, metascore, certificate, status, keywords, countriesOfOrigin, meterRanking, meterRankChange, directors, writers, stars, topCast, budget, openingWeekendGross, lifetimeGross, worldwideGross, filmingLocations, spokenLanguages, soundMix, aspectRatio, color, awardWins, awardNominations, titleType, isSeries, isEpisode, isAdult

"Lanterns", "https://www.imdb.com/title/tt26545992/", "7.8", "34968", "2026", "16/8/2026", "Action, Crime, Mystery", "3600", "Lanterns follows new recruit John Stewart and Lantern legend Hal Jordan, two intergalactic cops drawn into a dark, Earth-based mystery as they investigate a murder in the American heartland.", "https://m.media-amazon.com/images/M/MV5BM2ZjZDNlNDgtMjJlMy00NGRjLThlMGEtM2U4N2E4MDUwNjNmXkEyXkFqcGc@._V1_.jpg", "Kyle Chandler and Aaron Pierre in Lanterns (2026)", "", "TV-MA", "Released", "based on comic book, green lantern character, dc, male full frontal nudity, male nudity", "US", "3", "FLAT 0", "", "", "Kyle Chandler, Aaron Pierre, Kelly Macdonald", "Kyle Chandler, Aaron Pierre, Kelly Macdonald, Garret Dillahunt", "", "", "", "", "Los Angeles, California, USA", "English", "Dolby Atmos, Dolby Digital", "2.00 : 1", "Color", "0", "0", "TV Series", "True", "False", "False"
"Furious", "https://www.imdb.com/title/tt36303968/", "7.9", "23852", "2026", "27/7/2026", "Crime, Drama, Thriller", "", "FBI agent Alice Black is on the hunt for a mysterious and calculating female serial killer. Both walk their own paths toward justice, and as their lives start to intertwine, the line between right and wrong begins to blur.", "https://m.media-amazon.com/images/M/MV5BYzI4NDEzNjktMTI1Ni00ZjIyLWExNmQtZTZlMDhiOGE4ZTBjXkEyXkFqcGc@._V1_.jpg", "Emmy Rossum in Furious (2026)", "", "TV-MA", "Released", "female rear nudity, girls showering together, psychological manipulation, female nudity, psychological thriller", "US", "8", "DOWN 3", "", "", "Emmy Rossum, Lola Petticrew, Quincy Tyler Bernstine", "Emmy Rossum, Lola Petticrew, Quincy Tyler Bernstine, Scoot McNairy", "", "", "", "", "New York City, New York, USA", "English", "Dolby Digital", "2.39 : 1", "Color", "0", "0", "TV Series", "True", "False", "False"
"Crew Girl", "https://www.imdb.com/title/tt38218082/", "6.6", "1871", "2026", "10/9/2026", "Drama, Romance, Sport", "2700", "After being disgraced by her father's financial fraud, a teen girl must escape with her mother to a small town where she ends up being the only female rower on the team at her new prep school.", "https://m.media-amazon.com/images/M/MV5BMWVmYTE5OWQtOWJlMi00NzY4LWJmMTAtZDQ2ZTg1MTZhNWVlXkEyXkFqcGc@._V1_.jpg", "Miku Martineau, Samuel Braun, and Kyle Clark in Crew Girl (2026)", "", "TV-MA", "Released", "coming of age drama, student, dysfunctional, high school, female protagonist", "CA", "9", "UP 632", "", "", "Miku Martineau, Jessica Paré, Samuel Braun", "Miku Martineau, Jessica Paré, Samuel Braun, Kyle Clark", "", "", "", "", "Victoria, British Columbia, Canada", "English", "Dolby Digital", "2.35 : 1", "Color", "0", "0", "TV Series", "True", "False", "False"
"Last Seen", "https://www.imdb.com/title/tt6037988/", "7.4", "925", "2026", "9/9/2026", "Mystery, Thriller", "", "Police dispatcher Ian Ridley's daughter Maggie disappeared years ago. He receives a call, believing it's her, and embarks on a relentless quest to find her and reunite his family, disregarding consequences.", "https://m.media-amazon.com/images/M/MV5BNmI3MjQzN2YtZjMxYy00MWJlLWFlNjYtOTZmY2NkZGE0NTMzXkEyXkFqcGc@._V1_.jpg", "Patrick Brammall and Chloe Jean Lourdes in Last Seen (2026)", "", "TV-MA", "Released", "based on novel", "US", "11", "UP 211", "", "", "Patrick Brammall, Maxine Peake, Daniel Henshall", "Patrick Brammall, Maxine Peake, Daniel Henshall, Zahra Newman", "", "", "", "", "Docklands Studios, Melbourne, Victoria, Australia", "English", "", "", "Color", "0", "0", "TV Series", "True", "False", "False"
"Widow's Bay", "https://www.imdb.com/title/tt33332385/", "8.1", "78654", "2026", "29/4/2026", "Comedy, Drama, Horror", "2400", "A skeptical mayor leads the superstitious residents of a cursed New England island.", "https://m.media-amazon.com/images/M/MV5BZDBiMWZlMDQtNzkzMi00YzQzLTkwNTUtNzYwOGY3YmUxNDJjXkEyXkFqcGc@._V1_.jpg", "Kevin Carroll, Dale Dickey, Matthew Rhys, Stephen Root, and Kate O'Flynn in Widow's Bay (2026)", "", "TV-MA", "Released", "folk horror, new england, widower, island, cursed place", "US", "19", "UP 5", "", "", "Matthew Rhys, Kate O'Flynn, Kevin Carroll", "Matthew Rhys, Kate O'Flynn, Kevin Carroll, Dale Dickey", "", "", "", "", "New England Studios, Devens, Massachusetts, USA", "English", "Dolby Atmos", "1.85 : 1", "Color", "23", "16", "TV Series", "True", "False", "False"
"The Shards", "https://www.imdb.com/title/tt27543562/", "6", "5770", "2026", "5/8/2026", "Crime, Drama, Horror", "", "The Shards is part teenage coming of age, erotic thriller and exploration of the untamed and mysterious era of Los Angeles 1981, tracking a group of privileged high school friends as a serial killer strikes across the city.", "https://m.media-amazon.com/images/M/MV5BZDgwMTAzZDUtY2VmNC00MGM2LThiNmQtZDU5N2JlZDQ4ODY0XkEyXkFqcGc@._V1_.jpg", "Homer Gere, Graham Campbell, Hayes Warner, Kaia Gerber, and Igby Rigney in The Shards (2026)", "", "TV-MA", "Released", "gay, serial killer, los angeles california, california, whodunit", "US", "20", "DOWN 1", "", "", "Igby Rigney, Kaia Gerber, Homer Gere", "Igby Rigney, Kaia Gerber, Homer Gere, Hayes Warner", "", "", "", "", "Westwood Village, Westwood, Los Angeles, California, USA", "English", "Dolby Digital", "1.85 : 1", "Color", "0", "0", "TV Series", "True", "False", "False"
"The Perfect Lie", "https://www.imdb.com/title/tt37439410/", "6.6", "1204", "2026", "10/9/2026", "Crime, Drama, Mystery", "3000", "Four couples in a tight-knit group enjoy an extravagant lifestyle; their web of lies starts to unravel when the villa of one couple burns down, killing one member.", "https://m.media-amazon.com/images/M/MV5BYzZkNzcyODktZTE5Yy00ZGEzLWE1OWUtNzVkZjI5NzNlODgzXkEyXkFqcGc@._V1_.jpg", "Rifka Lodeizen, Charlie Chan Dagelet, Loes Haverkort, and Noortje Herlaar in The Perfect Lie (2026)", "", "TV-MA", "Released", "married man seduces married woman, gossip, wife flirts with another man in front of husband, deep cleavage, naked female breasts", "NL", "23", "UP 657", "", "", "Loes Haverkort, Rifka Lodeizen, Charlie Chan Dagelet", "Loes Haverkort, Rifka Lodeizen, Charlie Chan Dagelet, Teun Luijkx", "", "", "", "", "", "Dutch", "", "", "Color", "0", "0", "TV Series", "True", "False", "False"
"Stuart Fails to Save the Universe", "https://www.imdb.com/title/tt27497393/", "7.1", "9202", "2026", "23/7/2026", "Comedy, Fantasy, Sci-Fi", "1800", "Comic book store owner Stuart Bloom, from The Big Bang Theory (2007), returns in a new series where he attempts—and apparently fails—to save the universe, staying true to his unlucky nature.", "https://m.media-amazon.com/images/M/MV5BNmRmODg5ZTctMTMyMS00YmZmLWEyZTMtMjFmOGU1NjYwMGI2XkEyXkFqcGc@._V1_.jpg", "John Ross Bowie, Brian Posehn, and Kevin Sussman in Stuart Fails to Save the Universe (2026)", "", "TV-MA", "Released", "spin off, sitcom comedy, life", "US", "31", "DOWN 5", "", "", "Kevin Sussman, Lauren Lapkus, Brian Posehn", "Kevin Sussman, Lauren Lapkus, Brian Posehn, John Ross Bowie", "", "", "", "", "Los Angeles, California, USA", "English", "Dolby Digital", "", "Color", "0", "0", "TV Series", "True", "False", "False"
"Sterling Point", "https://www.imdb.com/title/tt35618070/", "7.4", "15642", "2026", "5/8/2026", "Drama, Mystery, Romance", "3000", "Annie and her twin brother, raised in New York City by their single father, discover that their estranged grandfather bequeathed them a lake island.", "https://m.media-amazon.com/images/M/MV5BYmI3ZGMzNWUtZjdmZC00YjNlLWE0NDktMTU3OTBhNjM4YzY0XkEyXkFqcGc@._V1_.jpg", "Amélie Hoeferle and Ella Rubin in Sterling Point (2026)", "", "TV-MA", "Released", "female protagonist, island, heritage, twin, single father", "US", "33", "DOWN 11", "", "", "Ella Rubin, Amélie Hoeferle, Jacob Whiteduck-Lavoie", "Ella Rubin, Amélie Hoeferle, Jacob Whiteduck-Lavoie, Daniel Quinn Toye", "", "", "", "", "Mortimers Point Marina, Muskoka Lakes, Ontario, Canada", "English", "Dolby Atmos, Dolby Digital", "1.78 : 1", "Color", "0", "0", "TV Series", "True", "False", "False"
"The Pendragon Cycle: Rise of the Merlin", "https://www.imdb.com/title/tt23734948/", "6.2", "4978", "2026", "22/1/2026", "Drama, Fantasy", "", "Showcases a retelling of the Arthurian legend set in a Roman-occupied Britain where barbarian invaders threaten to lay claim to the island.", "https://m.media-amazon.com/images/M/MV5BNWM5NzBiY2UtYjVlZS00ODY4LWI0YTktMDdjYTI1ZDg1MTJiXkEyXkFqcGc@._V1_.jpg", "Tom Sharp in The Pendragon Cycle: Rise of the Merlin (2026)", "", "", "Released", "europe, christianity, epic fantasy, celt, britain", "US", "41", "UP 223", "", "", "Tom Sharp, Rose Reid, Alex Laurence-Phillips", "Tom Sharp, Rose Reid, Alex Laurence-Phillips, Brett Cooper", "", "", "", "", "Trento, Trentino, Italy", "English", "", "", "Color", "1", "0", "TV Series", "True", "False", "False"
"Harry Potter", "https://www.imdb.com/title/tt13918446/", "0", "0", "2026", "25/12/2026", "Adventure, Drama, Family", "", "An orphan boy, mistreated by his relatives, discovers he's a wizard. He receives a letter to attend Hogwarts School, where he finds friendship, magic, and adventure — finally discovering the home and love he was always meant to have.", "https://m.media-amazon.com/images/M/MV5BMjAxY2M0NzAtZDZmZS00OTMxLWExODEtZTBlYmZkZjNiNzQzXkEyXkFqcGc@._V1_.jpg", "Harry Potter (2026)", "", "", "Post-production", "wizard, magical, academy, magic, wand", "US", "42", "DOWN 30", "", "", "Arabella Stanton, Dominic McLaughlin, Alastair Stout", "Arabella Stanton, Dominic McLaughlin, Alastair Stout, Kit Harington", "", "", "", "", "London Zoo, Regent's Park, London, England, UK", "English", "Dolby Atmos", "", "Color", "0", "0", "TV Series", "True", "False", "False"
"The Drop: A Snowfall Saga", "https://www.imdb.com/title/tt36210894/", "6.8", "421", "2026", "8/9/2026", "Crime, Drama, Music", "", "As 1990s LA shifts from crack to rap, gang territories controlled by Bloods and Crips become ground zero for an emerging music scene in South Central.", "https://m.media-amazon.com/images/M/MV5BN2U5YjQ1ZGEtOTAyMS00YTcxLWJkYzEtYzM0ZjI2NDU0Y2RkXkEyXkFqcGc@._V1_.jpg", "Gail Bean and Isaiah John in The Drop: A Snowfall Saga (2026)", "", "TV-MA", "Released", "", "US", "46", "UP 286", "", "", "Fatimah Hassan, Zaakirah Hisle, Chloe Ray", "Fatimah Hassan, Zaakirah Hisle, Chloe Ray, Andrew Etzel", "", "", "", "", "", "English", "Dolby Digital", "2.00 : 1", "Color", "0", "0", "TV Series", "True", "False", "False"
"Off Campus", "https://www.imdb.com/title/tt33546863/", "7.8", "55155", "2026", "13/5/2026", "Drama, Romance, Sport", "", "A college-set romantic drama chronicling the unexpected love story between a music student and the university's star hockey player, exploring themes of love and the complexities of adulthood through deep friendships and enduring bonds.", "https://m.media-amazon.com/images/M/MV5BMDA0NzAzNDktYjBiOS00ZjFjLThhZTYtNzlkMDMzOTgxZTk5XkEyXkFqcGc@._V1_.jpg", "Belmont Cameli and Ella Bright in Off Campus (2026)", "", "TV-MA", "Released", "female nudity, female topless nudity, sex scene, male nudity, college", "US", "52", "DOWN 15", "", "", "Ella Bright, Belmont Cameli, Mika Abdalla", "Ella Bright, Belmont Cameli, Mika Abdalla, Stephen Kalyn", "", "", "", "", "Vancouver, British Columbia, Canada", "English", "Dolby Digital", "2.00 : 1", "Color", "0", "2", "TV Series", "True", "False", "False"
"Carrie", "https://www.imdb.com/title/tt11540908/", "7", "45", "2026", "7/10/2026", "Drama, Horror", "6000", "A sheltered girl with telekinetic powers is bullied, leading to a horrific, bloody incident due to her domineering mother's influence.", "https://m.media-amazon.com/images/M/MV5BZTRhNGJmY2YtYjNmOC00ZTA4LThjMzktYTEwYTdkZDE0OTllXkEyXkFqcGc@._V1_.jpg", "Summer H. Howell in Carrie (2026)", "", "", "Released", "school, supernatural horror, teen horror, telekinesis, prom", "CA", "61", "UP 444", "", "", "Matthew Lillard, Amber Midthunder, Samantha Sloyan", "Matthew Lillard, Amber Midthunder, Samantha Sloyan, Summer H. Howell", "", "", "", "", "Vancouver, British Columbia, Canada", "English", "Stereo", "1.78 : 1", "Color", "0", "0", "TV Series", "True", "False", "False"
"Dang!", "https://www.imdb.com/title/tt40003445/", "6.1", "553", "2026", "8/9/2026", "Animation, Comedy", "1620", "Follows a brother and sister whose fun, messy lives in New York City are interrupted when their worst nightmare comes true: Their high-achieving older sister shows up and wants to hang out with them.", "https://m.media-amazon.com/images/M/MV5BNmE4MmI1MzItZjhiZS00N2RjLThmZmEtMDJmNmM3N2IyM2I5XkEyXkFqcGc@._V1_.jpg", "Dang! (2026)", "", "TV-MA", "Released", "adult animation, for grown ups animation, 2d animation, city, life", "US", "71", "UP 1154", "", "", "Stephanie Hsu, Andrew Law, Poppy Liu", "Stephanie Hsu, Andrew Law, Poppy Liu, Noël Wells", "", "", "", "", "", "English", "Dolby Digital", "16:9 HD", "Color", "0", "0", "TV Series", "True", "False", "False"
"Lucky", "https://www.imdb.com/title/tt34866681/", "6.7", "16773", "2026", "15/7/2026", "Crime, Drama, Thriller", "2700", "A reformed criminal is forced to confront her past and return to illicit activities for one final job, hoping to secure her freedom and leave her former life behind for good.", "https://m.media-amazon.com/images/M/MV5BOGQ0MjkwOTUtMGMyYS00NzFhLTgxMjktNTAwOGViNWM2MWE1XkEyXkFqcGc@._V1_.jpg", "Anya Taylor-Joy in Lucky (2026)", "", "TV-MA", "Released", "money vanishes", "US", "73", "DOWN 29", "", "", "Anya Taylor-Joy, Annette Bening, Clifton Collins Jr.", "Anya Taylor-Joy, Annette Bening, Clifton Collins Jr., Aunjanue Ellis-Taylor", "", "", "", "", "Las Vegas, Nevada, USA", "English", "Dolby Digital, Dolby Atmos", "2.39 : 1", "Color", "0", "0", "TV Series", "True", "False", "False"
"Youth", "https://www.imdb.com/title/tt35949226/", "0", "0", "2026", "20/9/2026", "Comedy, Drama", "", "A 50-year-old divorcee juggles dating life while taking care of her parents and adult son.", "https://m.media-amazon.com/images/M/MV5BN2FkZDYyMTktZTgxYi00NjUyLWJjOTktZWZjMjE5YzYxMGMzXkEyXkFqcGc@._V1_.jpg", "Sharon Horgan in Youth (2026)", "", "TV-MA", "Completed", "", "US", "77", "UP 498", "", "", "Sharon Horgan, Scarlett Rayner, Nadia Parkes", "Sharon Horgan, Scarlett Rayner, Nadia Parkes, Harrison Dadswell", "", "", "", "", "London, England, UK", "English", "", "", "Color", "0", "0", "TV Series", "True", "False", "False"
"Anna Pigeon", "https://www.imdb.com/title/tt36937503/", "6", "1350", "2026", "7/8/2026", "Crime, Drama", "3600", "Park ranger Anna Pigeon left city life after personal tragedy. Now she channels her pain into investigating crimes in national parks, determined to solve cases despite any obstacles.", "https://m.media-amazon.com/images/M/MV5BZjk4YWU1MWQtYWE2Mi00NzEyLWFmNjUtMDE1MjE1ZTYyZDFjXkEyXkFqcGc@._V1_.jpg", "Anna Pigeon (2026)", "", "", "Released", "female park ranger, scene of the crime, woman wears a uniform", "US", "81", "UP 8", "", "", "Tracy Spiridakos, Cooper Levy, Ryan Northcott", "Tracy Spiridakos, Cooper Levy, Ryan Northcott, Manuel Rodriguez-Saenz", "", "", "", "", "Calgary, Alberta, Canada", "English", "Stereo", "2.00 : 1", "Color", "0", "3", "TV Series", "True", "False", "False"
"Neagley", "https://www.imdb.com/title/tt33539520/", "7.7", "2084", "2026", "16/9/2026", "Action, Crime, Drama", "", "Neagley, drawing from her experience with Jack Reacher and the 110 Special Investigators, embarks on a perilous mission to expose a sinister threat, risking her life to unravel the mystery.", "https://m.media-amazon.com/images/M/MV5BMzg1NzAzMWEtMGY2Ny00YzRkLTg4MmEtMDEyZWI2ZjFiMWU5XkEyXkFqcGc@._V1_.jpg", "Maria Sten in Neagley (2026)", "", "", "Released", "", "US", "85", "DOWN 3", "", "", "Maria Sten, Greyston Holt, John Bregar", "Maria Sten, Greyston Holt, John Bregar, Rebecca Liddiard", "", "", "", "", "Toronto, Ontario, Canada", "English", "", "", "Color", "0", "0", "TV Series", "True", "False", "False"
"A Knight of the Seven Kingdoms", "https://www.imdb.com/title/tt27497448/", "8.6", "285563", "2026", "18/1/2026", "Adventure, Drama, Fantasy", "3600", "A century before the events of "Game of Thrones," Ser Duncan the Tall, and his squire, Egg, wander through Westeros while the Targaryen dynasty rule the Iron Throne. Great destinies and enemies await the incomparable friends.", "https://m.media-amazon.com/images/M/MV5BYzg4M2U3YWMtMWY4MS00MzFkLTk2ZWQtOThiOGYxZDEyMGQ2XkEyXkFqcGc@._V1_.jpg", "Dexter Sol Ansell and Peter Claffey in A Knight of the Seven Kingdoms (2026)", "", "TV-MA", "Released", "prequel, based on novella, westeros, game of thrones, knight", "US", "87", "DOWN 7", "", "", "Peter Claffey, Dexter Sol Ansell, Daniel Ings", "Peter Claffey, Dexter Sol Ansell, Daniel Ings, Shaun Thomas", "", "", "", "", "Mourne Mountains, County Down, Northern Ireland, UK", "English", "Dolby Atmos", "2.00 : 1", "Color", "1", "22", "TV Series", "True", "False", "False"
"Best Medicine", "https://www.imdb.com/title/tt36885662/", "6.7", "6717", "2026", "4/1/2026", "Comedy, Drama", "", "A brilliant surgeon leaves Boston to become a doctor in the small town where he spent childhood summers. Despite his medical skills, his rude manner alienates locals as he battles hidden phobias and struggles with personal connections.", "https://m.media-amazon.com/images/M/MV5BOWJhNTY2NzYtZDk2Yy00OTQzLWExZDUtNTYzMGNmNzZjNjkwXkEyXkFqcGc@._V1_.jpg", "Best Medicine (2026)", "", "TV-14", "Released", "small town, doctor, based on british tv series, close knit community, aunt", "US", "91", "UP 1", "", "", "Josh Charles, Abigail Spencer, Josh Segarra", "Josh Charles, Abigail Spencer, Josh Segarra, Cree", "", "", "", "", "Cornwall, New York, USA", "English", "Stereo", "2.00 : 1", "Color", "0", "0", "TV Series", "True", "False", "False"
"Marble Hall Murders", "https://www.imdb.com/title/tt35617054/", "7.8", "278", "2026", "6/9/2026", "Crime, Drama, Mystery", "3600", "Susan returns to England, where she investigates a mystery involving a children's author's death, connected to a 1955 story set in Corfu.", "https://m.media-amazon.com/images/M/MV5BMWNkZTc4NTYtN2QyZi00ZjdhLWExOWUtNzRkYWRjNWM1NzNmXkEyXkFqcGc@._V1_.jpg", "Marble Hall Murders (2026)", "", "", "Released", "miniseries", "GB", "101", "UP 308", "", "", "Lesley Manville, Tim McMullan, Rupert Penry-Jones", "Lesley Manville, Tim McMullan, Rupert Penry-Jones, Mark Bonnar", "", "", "", "", "London, England, UK", "English", "", "", "Color", "0", "0", "TV Series", "True", "False", "False"
"The Grand Tour", "https://www.imdb.com/title/tt44974627/", "8.3", "1892", "2026", "3/9/2026", "", "3420", "The world's greatest motoring show returns with new presenters - Thomas Holland, James Engelsman and Francis Bourgeois - and its trademark blend of global adventure, incredible vehicles, epic stunts and strong opinions.", "https://m.media-amazon.com/images/M/MV5BMGRlZjk0OTUtYjhkZS00NTU3LWI5NDItODZiMjM1N2U0NGQwXkEyXkFqcGc@._V1_.jpg", "Francis Bourgeois, Thomas Holland, and James Engelsman in The Grand Tour (2026)", "", "TV-14", "Released", "", "US", "102", "DOWN 35", "", "", "James Engelsman, Thomas Holland, Francis Bourgeois", "James Engelsman, Thomas Holland, Francis Bourgeois, Jeremy Clarkson", "", "", "", "", "", "English", "", "", "Color", "0", "0", "TV Series", "True", "False", "False"
"Lovesick", "https://www.imdb.com/title/tt32909469/", "6.1", "412", "2026", "2/9/2026", "Drama, Romance", "3600", "Shows the political history of a country through the intimate life of Emilia Sauri, her family and her loves. The series tells the parallel story of the evolution of a country and Emilia's own growth.", "https://m.media-amazon.com/images/M/MV5BY2ZjMDJmMTUtMGU2Yy00OTNmLThhMTktNTdiZmY2MTZmMjEzXkEyXkFqcGc@._V1_.jpg", "Lovesick (2026)", "", "TV-MA", "Released", "revolutionary, 1910s, mexican revolution, puebla mexico, one woman two men love triangle", "MX", "103", "DOWN 22", "", "", "Renata Vaca, Alejandro Puente, Iván Amozurrutia", "Renata Vaca, Alejandro Puente, Iván Amozurrutia, Diana Bovio", "", "", "", "", "Puebla, Mexico", "Spanish", "", "", "Color", "0", "0", "TV Series", "True", "False", "False"
"Spider-Noir", "https://www.imdb.com/title/tt30460310/", "7.7", "72273", "2026", "25/5/2026", "Action, Adventure, Crime", "2700", "Ben Reilly, a seasoned, down-on-his-luck private investigator in 1930s New York, is forced to grapple with his past life, following a deeply personal tragedy, as the city's one and only superhero.", "https://m.media-amazon.com/images/M/MV5BYjU3NjEwNTItMzc1Mi00Y2QyLTljNDItOTQ4YjU4NjZjN2EyXkEyXkFqcGc@._V1_.jpg", "Nicolas Cage in Spider-Noir (2026)", "", "TV-14", "Released", "based on comic, spider man noir character, character name in series title, marvel, based on comic book", "US", "106", "DOWN 67", "", "", "Nicolas Cage, Lamorne Morris, Li Jun Li", "Nicolas Cage, Lamorne Morris, Li Jun Li, Karen Rodriguez", "", "", "", "", "Fort MacArthur, San Pedro, Los Angeles, California, USA", "English", "Dolby Digital", "1.85 : 1", "Color, Black and White", "6", "10", "TV Series", "True", "False", "False"
"Brothers", "https://www.imdb.com/title/tt6773088/", "0", "0", "2026", "23/9/2026", "Comedy", "", "McConaughey and Harrelson they try to live together on a Texas ranch. That close space puts their friendship to the test.", "https://m.media-amazon.com/images/M/MV5BY2ZlNTZkYTktMjlmNS00MDViLTg3YzktYTJlYjMwYjhkY2ZiXkEyXkFqcGc@._V1_.jpg", "Matthew McConaughey and Woody Harrelson in Brothers (2026)", "", "", "Completed", "one word title", "US", "107", "UP 215", "", "", "Matthew McConaughey, Woody Harrelson, Jorie Blake Rosen", "Matthew McConaughey, Woody Harrelson, Jorie Blake Rosen, Richard Robichaux", "", "", "", "", "Austin, Texas, USA", "English", "", "", "Color", "0", "0", "TV Series", "True", "False", "False"
"Dutton Ranch", "https://www.imdb.com/title/tt34991493/", "8.2", "25932", "2026", "15/5/2026", "Drama, Western", "", "Beth Dutton and Rip Wheeler fight to survive on their cherished 7,000-acre ranch amid tough times and stiff competition, while ensuring young Carter becomes the man he's supposed to be.", "https://m.media-amazon.com/images/M/MV5BMzk0YTExY2EtYzI1NS00M2ZlLWFjOGUtMTQyMDY1MmE2ZGViXkEyXkFqcGc@._V1_.jpg", "Cole Hauser and Kelly Reilly in Dutton Ranch (2026)", "", "TV-MA", "Released", "yellowstone franchise, boots, fictional county, united states of america, ranch owner", "US", "111", "DOWN 26", "", "", "Kelly Reilly, Cole Hauser, Finn Little", "Kelly Reilly, Cole Hauser, Finn Little, Juan Pablo Raba", "", "", "", "", "Fort Worth, Texas, USA", "English", "Dolby Digital", "2.00 : 1", "Color", "0", "0", "TV Series", "True", "False", "False"
"Blood Sacrifice", "https://www.imdb.com/title/tt38553367/", "6.3", "6190", "2026", "20/8/2026", "Crime, Drama, Thriller", "3000", "A Stockholm detective must team up with his estranged ex-cop father to catch a serial killer targeting police officers, forcing them to resolve their differences during the investigation.", "https://m.media-amazon.com/images/M/MV5BZWJlYzFiYjItN2I2MC00MThkLThmNjItM2RjN2E2M2FiZmIzXkEyXkFqcGc@._V1_.jpg", "Blood Sacrifice (2026)", "", "TV-MA", "Released", "serial killer crime, criminal, serial killer, case, investigation", "SE", "116", "DOWN 50", "", "", "Jakob Oftebro, Peter Andersson, Electra Hallman", "Jakob Oftebro, Peter Andersson, Electra Hallman, Alexander Abdallah", "", "", "", "", "Stockholm, Sweden", "Swedish", "Dolby Digital", "2.35 : 1", "Color", "0", "0", "TV Series", "True", "False", "False"
"Mousetrap", "https://www.imdb.com/title/tt36996011/", "6.9", "1962", "2026", "28/8/2026", "Crime, Drama, Mystery", "3600", "A reclusive writer wakes to find his identity stolen — and must ally with a ruthless loan shark to reclaim his life from a man known as "The Rat."", "https://m.media-amazon.com/images/M/MV5BNWIwMWVhNTQtOGQ4Ny00MGFkLThjNzktZWVhNzI4YzFlMGE1XkEyXkFqcGc@._V1_.jpg", "Sul Kyung-gu, Lee Kyoo-hyung, and Ryu Jun-yeol in Mousetrap (2026)", "", "TV-MA", "Released", "criminal, based on webcomic, secret, novelist, based on comic", "KR", "123", "DOWN 91", "", "", "Ryu Jun-yeol, Sul Kyung-gu, Lee Kyoo-hyung", "Ryu Jun-yeol, Sul Kyung-gu, Lee Kyoo-hyung, Hyun Bong-sik", "", "", "", "", "", "Korean", "Dolby Digital", "", "Color", "0", "0", "TV Series", "True", "False", "False"
"The Early Spring", "https://www.imdb.com/title/tt37884717/", "8.3", "1119", "2026", "26/8/2026", "Drama, Romance", "2700", "Fresh graduate Shang Zhitao joins a top global ad agency as a rookie. Her blunt boss Luan Nian tells her to quit on day one, but she perseveres through pressure and challenges to become a skilled professional.", "https://m.media-amazon.com/images/M/MV5BYjIxNmQ4MDctODQ4Zi00NmYwLTkzNWMtNzEwMmI0ZGFjYmUwXkEyXkFqcGc@._V1_.jpg", "Boran Jing and Qian Sun in The Early Spring (2026)", "", "", "Released", "workplace, chinese drama, c drama", "CN", "127", "DOWN 1", "", "", "Boran Jing, Qian Sun, Xiaobei Liu", "Boran Jing, Qian Sun, Xiaobei Liu, Tianqing Qi", "", "", "", "", "Beijing, China", "Chinese, Mandarin", "", "", "Color", "0", "0", "TV Series", "True", "False", "False"
"Cape Fear", "https://www.imdb.com/title/tt34675596/", "6.7", "23566", "2026", "5/6/2026", "Crime, Drama, Thriller", "3300", "A happily married couple faces a growing threat when a notorious killer from their past, Max Cady, is released from prison and seeks revenge.", "https://m.media-amazon.com/images/M/MV5BYmZkOTkxNjAtZDY2MS00NTM3LTgwYWItMmNhMzFjMTBlOGI5XkEyXkFqcGc@._V1_.jpg", "Javier Bardem and Amy Adams in Cape Fear (2026)", "", "TV-MA", "Released", "female protagonist, male protagonist, blood, psychological thriller, lesbian", "US", "129", "DOWN 20", "", "", "Amy Adams, Javier Bardem, Patrick Wilson", "Amy Adams, Javier Bardem, Patrick Wilson, Joe Anders", "", "", "", "", "Atlanta, Georgia, USA", "English", "Dolby Digital", "2.35 : 1", "Color", "0", "2", "TV Series", "True", "False", "False"
"My Brilliant Career", "https://www.imdb.com/title/tt37352716/", "7", "3615", "2026", "13/8/2026", "Drama", "2700", "In 1900 Australia, a headstrong farm girl dreams of writing while society and family expectations clash with her fierce desire for independence and creative freedom.", "https://m.media-amazon.com/images/M/MV5BZTU3NzA4MDQtMDUxYy00NmQ2LWFlMzgtNDQwY2MxNjkyMDg3XkEyXkFqcGc@._V1_.jpg", "Christopher Chung, Philippa Northeast, and Jake Dunn in My Brilliant Career (2026)", "", "TV-14", "Released", "", "AU", "134", "DOWN 37", "", "", "Philippa Northeast, Christopher Chung, Genevieve O'Reilly", "Philippa Northeast, Christopher Chung, Genevieve O'Reilly, Anna Chancellor", "", "", "", "", "Yallum Park Homestead - Millicent-Penola Road, Penola, South Australia, Australia", "English", "", "2.35 : 1", "Color", "0", "0", "TV Series", "True", "False", "False"
"Legends", "https://www.imdb.com/title/tt33265765/", "7.8", "29269", "2026", "7/5/2026", "Crime, Drama, Thriller", "3600", "Customs agents go undercover to infiltrate Britain's most dangerous drug gangs, following a thrilling criminal investigation based on extensive research and interviews with those involved in the top-secret operation.", "https://m.media-amazon.com/images/M/MV5BYTI2NzI3OTgtNjJmNS00Yjk3LTliMTMtZDA1MWM4MDA0N2QzXkEyXkFqcGc@._V1_.jpg", "Tom Burke, Gerald Kyd, Numan Acar, Aml Ameen, Hayley Squires, and Jasmine Blackborow in Legends (2026)", "", "TV-MA", "Released", "gangster, drug crime, drug, gangster crime, criminal", "GB", "149", "DOWN 24", "", "", "Tom Burke, Steve Coogan, Hayley Squires", "Tom Burke, Steve Coogan, Hayley Squires, Aml Ameen", "", "", "", "", "Morocco", "English", "Dolby Digital", "2.39 : 1", "Color", "0", "0", "TV Series", "True", "False", "False"
"The Trial", "https://www.imdb.com/title/tt33023009/", "7.3", "230", "2026", "11/9/2026", "Drama", "2700", "A father and daughter navigate a flawed justice system and confront a wealthy opponent determined to protect his son after the daughter is sexually assaulted by the son, in their quest for justice.", "https://m.media-amazon.com/images/M/MV5BN2E0M2E3MzQtYTBiZi00ZmI3LWFmMmYtMDA2ZjNjOGIxYmRkXkEyXkFqcGc@._V1_.jpg", "Pedro Alonso, Eugenio Derbez, Íker Sánchez Solano, and Karla Gaytán in The Trial (2026)", "", "TV-MA", "Released", "", "MX", "155", "UP 1031", "", "", "Eugenio Derbez, Pedro Alonso, Héctor Jiménez", "Eugenio Derbez, Pedro Alonso, Héctor Jiménez, Dominika Paleta", "MXN 1", "", "", "", "", "", "", "", "Color", "0", "0", "TV Series", "True", "False", "False"
"R.J. Decker", "https://www.imdb.com/title/tt37063558/", "7.1", "5026", "2026", "3/3/2026", "Action, Comedy, Crime", "", "Ex-con photographer RJ Decker becomes a PI in South Florida, solving strange cases with help from his journalist ex, her cop wife, and an enigmatic woman from his past who may help or destroy him.", "https://m.media-amazon.com/images/M/MV5BNjA0OWVkZGItOTcyZS00MmVmLWI4ODAtMWFjODIxYjE4MDgzXkEyXkFqcGc@._V1_.jpg", "Scott Speedman in R.J. Decker (2026)", "", "TV-14", "Released", "", "US", "170", "UP 40", "", "", "Scott Speedman, Jaina Lee Ortiz, Kevin Rankin", "Scott Speedman, Jaina Lee Ortiz, Kevin Rankin, Adelaide Clemens", "", "", "", "", "Wilmington, North Carolina, USA", "English", "Stereo", "16:9 HD", "Color", "0", "1", "TV Series", "True", "False", "False"
"Death of the Pastor's Wife", "https://www.imdb.com/title/tt44113382/", "6.7", "4939", "2026", "26/8/2026", "Documentary", "2700", "Follows Mica Miller's life and death. Wife of pastor John-Paul Miller. Features new footage, family interviews, allegations of control, circumstances of her mysterious death, ongoing search for answers.", "https://m.media-amazon.com/images/M/MV5BMjM2MDkyZjEtZmJmOS00MWQzLTlhNjEtZThiMGE3NGQyN2RlXkEyXkFqcGc@._V1_.jpg", "Mica Miller in Death of the Pastor's Wife (2026)", "", "TV-MA", "Released", "pastor's wife, submission, gender roles, interview, stalking", "US", "179", "DOWN 109", "", "", "Mica Miller, John Paul Miller, Charlotte Korn", "Mica Miller, John Paul Miller, Charlotte Korn, Bruna Pabon", "", "", "", "", "", "English", "", "", "", "0", "0", "TV Series", "True", "False", "False"
"The Madison", "https://www.imdb.com/title/tt33204276/", "7.8", "24169", "2026", "14/3/2026", "Drama", "3600", "A New York family's life unravels after a tragedy; they process their grief while vacationing in rural Montana, where they explore human connection amid their profound sorrow.", "https://m.media-amazon.com/images/M/MV5BZGFiODdjY2UtNzAxZC00Mjc3LWJiZTQtYzQ2ZTM3ZWMzNjk0XkEyXkFqcGc@._V1_.jpg", "Michelle Pfeiffer in The Madison (2026)", "", "TV-MA", "Released", "yellowstone franchise, montana, ranch, legacy, family dynasty", "US", "183", "DOWN 14", "", "", "Michelle Pfeiffer, Kurt Russell, Beau Garrett", "Michelle Pfeiffer, Kurt Russell, Beau Garrett, Patrick J. Adams", "", "", "", "", "Ennis, Montana, USA", "English", "Dolby Surround 5.1", "2.39 : 1", "Color", "0", "0", "TV Series", "True", "False", "False"
"Chumbak", "https://www.imdb.com/title/tt39640519/", "6.3", "648", "2026", "10/9/2026", "Comedy, Family", "1800", "A young author and quirky support group explore the lives of five families in a Mumbai row-house who laugh, cry, eat, drink, and share everything together, forming a beautiful surrogate family through life's ups and downs.", "https://m.media-amazon.com/images/M/MV5BM2RjNGYxMDYtY2U0OS00OTI0LWIzNmYtYzQ3ZTAyYzY1YzI0XkEyXkFqcGc@._V1_.jpg", "Deven Bhojani, Neena Gupta, Manasi Parekh, and Sumeet Vyas in Chumbak (2026)", "", "", "Released", "affair, school, singer, sitcom comedy, missing person", "IN", "204", "UP 2999", "", "", "Neena Gupta, Deven Bhojani, Manasi Parekh", "Neena Gupta, Deven Bhojani, Manasi Parekh, Sumeet Vyas", "", "", "", "", "", "Hindi", "Dolby Atmos", "1.85 : 1", "Color", "0", "0", "TV Series", "True", "False", "False"
"The Boroughs", "https://www.imdb.com/title/tt27557289/", "7.2", "40818", "2026", "21/5/2026", "Adventure, Comedy, Drama", "2700", "In a seemingly picturesque retirement community, a group of unlikely heroes must band together to stop an otherworldly threat from stealing the one thing they don't have - time.", "https://m.media-amazon.com/images/M/MV5BZjc1Mjg0YjItN2M2Zi00ZDlhLWJhZDYtYjI2NmFmOGQ1ZmMxXkEyXkFqcGc@._V1_.jpg", "Geena Davis, Alfred Molina, Bill Pullman, Alfre Woodard, Denis O'Hare, and Clarke Peters in The Boroughs (2026)", "", "TV-MA", "Released", "supernatural drama, supernatural power, desert, exploration, dune", "US", "212", "DOWN 54", "", "", "Alfred Molina, Alfre Woodard, Denis O'Hare", "Alfred Molina, Alfre Woodard, Denis O'Hare, Clarke Peters", "", "", "", "", "Albuquerque, New Mexico, USA", "English", "Dolby Atmos", "2.39 : 1", "Color", "0", "3", "TV Series", "True", "False", "False"
"The Revolutionaries", "https://www.imdb.com/title/tt31924802/", "7.5", "1154", "2026", "11/9/2026", "Action, Drama, History", "3600", "Brave young Indian freedom fighters take up armed resistance to overthrow British colonial rule, sacrificing everything for their nation's freedom.", "https://m.media-amazon.com/images/M/MV5BZWNjZjUzYWQtMDY4Yi00ZTdhLWJmZDYtOWNhOWNiOGRmNzdmXkEyXkFqcGc@._V1_.jpg", "Pratibha Ranta, Rohit Saraf, Bhuvan Bam, and Gurfateh Pirzada in The Revolutionaries (2026)", "", "", "Released", "period drama, british raj, indian freedom fighter, young indian, british officer", "IN", "225", "UP 2182", "", "", "Bhuvan Bam, Rohit Saraf, Pratibha Ranta", "Bhuvan Bam, Rohit Saraf, Pratibha Ranta, Gurfateh Pirzada", "", "", "", "", "", "Hindi", "Dolby Digital", "2.35 : 1", "Color", "0", "0", "TV Series", "True", "False", "False"
"Little House on the Prairie", "https://www.imdb.com/title/tt2431250/", "7.3", "8489", "2026", "9/7/2026", "Drama, Family, History", "3000", "The Ingalls family lives and works on a farm in Midwestern America during the late 19th century.", "https://m.media-amazon.com/images/M/MV5BODQyNzI4Y2EtODE4ZC00MjFjLTg1ZjMtYzJkNDYwZjUxZjQ1XkEyXkFqcGc@._V1_.jpg", "Skywalker Hughes, Alice Halsey, Luke Bracey, and Crosby Fitzgerald in Little House on the Prairie (2026)", "", "TV-PG", "Released", "native american, family relationships, period drama, 19th century, based on novel", "US", "227", "DOWN 63", "", "", "Luke Bracey, Crosby Fitzgerald, Alice Halsey", "Luke Bracey, Crosby Fitzgerald, Alice Halsey, Skywalker Hughes", "", "", "", "", "Winnipeg, Canada", "English", "Dolby Digital", "1.85 : 1", "Color", "0", "0", "TV Series", "True", "False", "False"
"Margo's Got Money Troubles", "https://www.imdb.com/title/tt31137273/", "7.3", "18766", "2026", "15/4/2026", "Comedy, Drama", "2400", "A young mother struggles to make ends meet. When her estranged father offers help, she starts an OnlyFans account using his advice from pro wrestling. Though successful, she wonders if Internet fame comes at too high a cost.", "https://m.media-amazon.com/images/M/MV5BOTI2NDRhZWUtZDQwOC00OTk1LTk3Y2QtNmFlZjczOTMyZjM5XkEyXkFqcGc@._V1_.jpg", "Margo's Got Money Troubles (2026)", "", "TV-MA", "Released", "onlyfans, porn, pornography, female star appears topless, sexualized cosplay fetish", "US", "231", "DOWN 12", "", "", "Elle Fanning, Nick Offerman, Greg Kinnear", "Elle Fanning, Nick Offerman, Greg Kinnear, Michelle Pfeiffer", "", "", "", "", "Fox Fullerton Theatre 510 N. Harbor Blvd. Fullerton, California, USA", "English", "Dolby Atmos", "2.20 : 1", "Color", "4", "24", "TV Series", "True", "False", "False"
"Rooster", "https://www.imdb.com/title/tt32420734/", "7.6", "24015", "2026", "8/3/2026", "Comedy, Drama", "", "A comedy revolving around an author's intricate bond with his daughter, set against the backdrop of a college campus.", "https://m.media-amazon.com/images/M/MV5BOGEwYjMxNDctMDhlYy00YTJhLTk0YTAtOWVjOTJhYzIyZTEyXkEyXkFqcGc@._V1_.jpg", "Steve Carell in Rooster (2026)", "", "TV-MA", "Released", "male rear nudity, male nudity, male protagonist, college campus, black woman", "US", "242", "UP 52", "", "", "Steve Carell, Danielle Deadwyler, Phil Dunster", "Steve Carell, Danielle Deadwyler, Phil Dunster, Charly Clive", "", "", "", "", "University of the Pacific, Stockton, California, USA", "English", "", "", "Color", "0", "2", "TV Series", "True", "False", "False"
"A Love Other Than Yours", "https://www.imdb.com/title/tt43736405/", "7.7", "80", "2026", "12/9/2026", "Drama, Romance", "", "A realistic, relatable melodrama in which a familiar lover faces unfamiliar emotions after 10 years of dating.", "https://m.media-amazon.com/images/M/MV5BNmEyODE3MWYtMjg0Yi00YWY0LWFiYzgtZTdiNjE1OWQwMjMxXkEyXkFqcGc@._V1_.jpg", "Ahn Eun-jin and Seo Kang-joon in A Love Other Than Yours (2026)", "", "TV-14", "Released", "", "KR", "250", "UP 1886", "", "", "Seo Kang-joon, Ahn Eun-jin, Lee Joo-ahn", "Seo Kang-joon, Ahn Eun-jin, Lee Joo-ahn, Jo Aram", "", "", "", "", "", "Korean", "", "", "Color", "0", "0", "TV Series", "True", "False", "False"
"Crystal Lake", "https://www.imdb.com/title/tt23148340/", "9.1", "41", "2026", "15/10/2026", "Comedy, Drama, Horror", "3600", "Prequel series to Friday the 13th, follows a doomed small town where camp counselors come to die.", "https://m.media-amazon.com/images/M/MV5BYmQ1NzBhOWItZDRiNS00MjRlLTg5Y2EtMjI1Y2YyMDY2Y2VhXkEyXkFqcGc@._V1_.jpg", "Linda Cardellini and Callum Vinson in Crystal Lake (2026)", "", "TV-MA", "Released", "slasher horror, bullying, revenge murder, bullied child, camp counselor", "US", "262", "UP 351", "", "", "Linda Cardellini, Gwendolyn Sundstrom, Danielle Kotch", "Linda Cardellini, Gwendolyn Sundstrom, Danielle Kotch, Daniel Stewart Sherman", "", "", "", "", "Blairstown, New Jersey, USA", "English", "", "1.78 : 1", "Color", "0", "0", "TV Series", "True", "False", "False"
"Fightland", "https://www.imdb.com/title/tt24512262/", "5.1", "732", "2026", "31/7/2026", "Action, Crime, Drama", "", "A disgraced boxing champion is released from prison and returns to London to take revenge on the crime family that betrayed him.", "https://m.media-amazon.com/images/M/MV5BNDAwZWU0OTQtZmM3NC00N2M3LTk5YWItMTg2OGQ4YTEyOTkwXkEyXkFqcGc@._V1_.jpg", "Nicholas Pinnock, Deborah Ayorinde, Howard Charles, Charles Babalola, and Anita-Joy Uwajeh in Fightland (2026)", "", "", "Released", "drug crime, boxing sport, gangster crime", "US", "265", "DOWN 68", "", "", "Howard Charles, Deborah Ayorinde, Charles Babalola", "Howard Charles, Deborah Ayorinde, Charles Babalola, Anita-Joy Uwajeh", "", "", "", "", "", "English", "", "1.78 : 1", "Color", "0", "0", "TV Series", "True", "False", "False"
"Marshals", "https://www.imdb.com/title/tt36849871/", "6.1", "18728", "2026", "1/3/2026", "Action, Crime, Drama", "", "Ex-Navy SEAL Kayce Dutton leaves the Yellowstone ranch to work with an elite U.S. Marshals team.", "https://m.media-amazon.com/images/M/MV5BOTk4NThjNzgtMjVjNi00MjdjLWE1NDctMzRhNTI1Y2RiN2NkXkEyXkFqcGc@._V1_.jpg", "Luke Grimes in Marshals (2026)", "", "TV-14", "Released", "yellowstone franchise, police investigation, united states of america, law enforcement, widower", "US", "267", "DOWN 60", "", "", "Luke Grimes, Ash Santos, Tatanka Means", "Luke Grimes, Ash Santos, Tatanka Means, Logan Marshall-Green", "", "", "", "", "Park city, Utah, USA", "English", "Stereo", "16:9 HD", "Color", "0", "0", "TV Series", "True", "False", "False"
"The Testaments", "https://www.imdb.com/title/tt10970762/", "8.2", "14532", "2026", "8/4/2026", "Drama, Thriller", "3600", "This sequel to "The Handmaid's Tale" follows Agnes and Daisy, two teens in Gilead who must navigate an elite preparatory school where obedience is brutally enforced. Their bond becomes the catalyst that will transform their lives.", "https://m.media-amazon.com/images/M/MV5BMjZhODhiYmEtNTg0ZS00Mjc0LTk0NTYtMGEwMGFlNjFkZGM0XkEyXkFqcGc@._V1_.jpg", "Lucy Halliday and Chase Infiniti in The Testaments (2026)", "", "TV-MA", "Released", "sequel to tv series, dystopia, epic, the future, adult fiction", "US", "275", "UP 4", "", "", "Chase Infiniti, Lucy Halliday, Mabel Li", "Chase Infiniti, Lucy Halliday, Mabel Li, Brad Alexander", "", "", "", "", "Toronto, Ontario, Canada", "English", "Dolby Digital", "2.00 : 1", "Color", "1", "5", "TV Series", "True", "False", "False"
"Young Sherlock", "https://www.imdb.com/title/tt8599532/", "7.5", "34648", "2026", "4/3/2026", "Action, Adventure, Comedy", "3000", "A disgraced, young Sherlock Holmes finds himself wrapped up in a murder case that threatens his liberty. His first ever case unravels a globe-trotting conspiracy, culminating in an explosive showdown that changes his life forever.", "https://m.media-amazon.com/images/M/MV5BMGY1NGJkOTAtM2RmNC00NWI3LWJkY2EtYjU1YmY5OGFjN2RjXkEyXkFqcGc@._V1_.jpg", "Colin Firth, Joseph Fiennes, Natascha McElhone, Dónal Finn, Zine Tseng, Max Irons, and Hero Fiennes Tiffin in Young Sherlock (2026)", "", "TV-14", "Released", "sherlock holmes character, character name in series title, spy thriller, spy, spy action", "GB", "284", "DOWN 29", "", "", "Hero Fiennes Tiffin, Dónal Finn, Natascha McElhone", "Hero Fiennes Tiffin, Dónal Finn, Natascha McElhone, Max Irons", "", "", "", "", "Cardiff, Wales, UK", "English", "Dolby Digital", "2.39 : 1", "Color", "0", "2", "TV Series", "True", "False", "False"
"American Hostage", "https://www.imdb.com/title/tt30051064/", "8.5", "42", "2026", "20/9/2026", "Crime, Drama, Thriller", "", "Fred Heckman, a beloved Indianapolis radio reporter, is thrust into the middle of a life-or-death crisis when hostage-taker, Tony Kiritsis, demands to be interviewed on his popular radio news program.", "https://m.media-amazon.com/images/M/MV5BZjg0NWVlOTMtNWJjYy00ZjllLWJlMDAtNGQxYWI5NDA5ZjU2XkEyXkFqcGc@._V1_.jpg", "Giovanni Ribisi, Jon Hamm, and Kristoffer Polaha in American Hostage (2026)", "", "TV-MA", "Released", "", "US", "286", "UP 286", "", "", "Jon Hamm, Jonathan Tucker, Mireille Enos", "Jon Hamm, Jonathan Tucker, Mireille Enos, Giovanni Ribisi", "", "", "", "", "Winnipeg, Manitoba, Canada", "English", "", "", "Color", "0", "0", "TV Series", "True", "False", "False"
