name, rating, votes, link, image, plot, genres, runtime, certificate, keywords, countriesOfOrigin, meterRanking, meterRankChange, directors, writers, stars, topCast, budget, openingWeekendGross, lifetimeGross, worldwideGross, filmingLocations, spokenLanguages, soundMix, aspectRatio, color, awardWins, awardNominations, titleType, isSeries, isEpisode, isAdult

"Resident Evil", "7.6", "56737", "https://www.imdb.com/title/tt35538033/", "https://m.media-amazon.com/images/M/MV5BZGVmNzRlZTctNTU2OS00MTQwLWI2ZWQtOGViMjc4ODNlNzVmXkEyXkFqcGc@._V1_.jpg", "A hapless courier is tasked with delivering a package to a remote hospital. He soon finds himself caught in the middle of an outbreak and must fight through hordes of mutated creatures to survive.", "Action, Horror, Sci-Fi", "94", "R", "zombie horror, virus, suspense mystery, based on video game, resident evil", "DE", "1", "UP 15", "Zach Cregger", "Zach Cregger, Shay Hatten", "Austin Abrams, Zach Cherry, Kali Reis", "Austin Abrams, Zach Cherry, Kali Reis, Paul Walter Hauser", "USD 65,000,000", "USD 60,152,878", "USD 65,458,415", "USD 113,758,415", "Prague, Czech Republic", "English", "Dolby Digital, IMAX 6-Track, Dolby Atmos", "2.39 : 1", "Color", "0", "0", "Movie", "False", "False", "False"
"The End of Oak Street", "6.3", "63430", "https://www.imdb.com/title/tt27165187/", "https://m.media-amazon.com/images/M/MV5BZDQ1MDhmZWQtNjdhOS00MGE0LTkxMTItN2Q4NjIyYzUzZmRlXkEyXkFqcGc@._V1_.jpg", "The Platt family bands together to navigate their new surroundings after a cosmic event transports their suburban neighborhood to someplace unknown.", "Action, Adventure, Mystery", "99", "PG-13", "dinosaur, survival adventure, dinosaur adventure, family relationships, 1980s", "US", "2", "UP 27", "David Robert Mitchell", "", "Anne Hathaway, Ewan McGregor, Maisy Stella", "Anne Hathaway, Ewan McGregor, Maisy Stella, Christian Convery", "USD 85,000,000", "USD 21,010,488", "USD 54,034,702", "USD 120,634,702", "Atlanta, Georgia, USA", "English", "Dolby Digital, Dolby Atmos, IMAX 6-Track, Dolby Surround 7.1", "2.39 : 1", "Color", "0", "0", "Movie", "False", "False", "False"
"Sacrifice", "5.2", "1299", "https://www.imdb.com/title/tt32268992/", "https://m.media-amazon.com/images/M/MV5BY2FmMzhmNzQtMmVlNS00OGM1LTlhMzYtNmI2MDA0NjU3YWQ3XkEyXkFqcGc@._V1_.jpg", "At an elite fundraising gala, celebrities and socialites find themselves in danger when armed activists storm the venue in pursuit of a legendary relic that could unlock supernatural powers.", "Action, Adventure, Comedy", "103", "R", "one word title, good versus evil", "GB", "3", "UP 1959", "Romain Gavras", "Will Arbery, Romain Gavras", "Chris Evans, Anya Taylor-Joy, Salma Hayek", "Chris Evans, Anya Taylor-Joy, Salma Hayek, John Malkovich", "", "", "", "USD 435,611", "Prohodna Cave, Bulgaria", "English", "", "2.39 : 1", "Color", "0", "0", "Movie", "False", "False", "False"
"The Odyssey", "8.4", "508323", "https://www.imdb.com/title/tt33764258/", "https://m.media-amazon.com/images/M/MV5BNTcyNmJlZmQtNDUwYy00NDBjLTg1NGQtYTY2Y2UxMWM3NmI1XkEyXkFqcGc@._V1_.jpg", "After the Trojan War, Odysseus faces a dangerous voyage back to Ithaca, meeting creatures like the Cyclops Polyphemus, Sirens, and Calypso along the way.", "Action, Adventure, Fantasy", "172", "R", "return from war, sea adventure, trojan horse, long lost husband, ancient greece", "GB", "4", "DOWN 1", "Christopher Nolan", "Christopher Nolan, Homer", "Matt Damon, Tom Holland, Anne Hathaway", "Matt Damon, Tom Holland, Anne Hathaway, Travis Scott", "USD 250,000,000", "USD 123,502,900", "USD 610,585,520", "USD 1,724,692,244", "Voidokilia Beach, Messenia, Peloponnese, Greece", "English, Greek", "IMAX 6-Track, Dolby Surround 5.1, Dolby Digital, DTS 70 mm, IMAX 5.0", "", "Color", "3", "0", "Movie", "False", "False", "False"
"Mayday", "6.8", "39308", "https://www.imdb.com/title/tt28014327/", "https://m.media-amazon.com/images/M/MV5BM2VmYWEzM2UtODNjZi00YTk1LWEzZjEtNzY4OGU0YTdkNmJmXkEyXkFqcGc@._V1_.jpg", "Lieutenant Troy Brennan&apos;s reconnaissance mission over Soviet territory goes awry, forcing him to crash-land and survive in Russian wilderness while evading capture or rescue.", "Action, Adventure, Comedy", "110", "PG-13", "survival adventure, buddy comedy, wilderness, top secret mission, one word title", "US", "5", "DOWN 4", "", "John Francis Daley, Jonathan Goldstein", "Ryan Reynolds, Kenneth Branagh, Marcin Dorocinski", "Ryan Reynolds, Kenneth Branagh, Marcin Dorocinski, Maria Bakalova", "", "", "", "", "Budapest, Hungary", "English, Russian", "Dolby Atmos, Dolby Digital", "2.39 : 1", "Color", "0", "0", "Movie", "False", "False", "False"
"Practical Magic 2", "6.3", "9220", "https://www.imdb.com/title/tt32588798/", "https://m.media-amazon.com/images/M/MV5BMWUyY2UyNjgtYTg5MC00MDZmLWE1MzEtZmU2YWE2ZTMzMjUwXkEyXkFqcGc@._V1_.jpg", "A multi generational family of witches, cursed to be loveless for centuries, attempts to break the spell by confronting dark secrets and sacrificing for each other.", "Comedy, Fantasy, Romance", "130", "PG-13", "sequel, legacy sequel, second part, romantic comedy, supernatural fantasy", "US", "6", "DOWN 4", "Susanne Bier", "Alice Hoffman, Akiva Goldsman, Georgia Pritchett", "Sandra Bullock, Dianne Wiest, Stockard Channing", "Sandra Bullock, Dianne Wiest, Stockard Channing, Amy Bowden", "USD 75,000,000", "USD 30,002,526", "USD 50,987,261", "USD 78,387,261", "London, England, UK", "English", "Dolby Surround 5.1", "2.39 : 1", "Color", "0", "1", "Movie", "False", "False", "False"
"Best of the Best", "4.7", "23482", "https://www.imdb.com/title/tt16478058/", "https://m.media-amazon.com/images/M/MV5BMWJiYzQ5MmMtNzIyNS00YzQ0LTkyNmQtZmQ0NWQ4MmFhMzU5XkEyXkFqcGc@._V1_.jpg", "A raucous comedy set in the cut-throat world of collegiate Bollywood dance competitions.", "Comedy, Drama", "112", "PG-13", "world, indian american, dance, bollywood dance, coming of age", "US", "7", "UP 1153", "Lena Khan", "Hasan Minhaj, Prashanth Venkataramanujam", "Janina Gavankar, Maitreyi Ramakrishnan, Chaneil Kular", "Janina Gavankar, Maitreyi Ramakrishnan, Chaneil Kular, Priyanka Kedia", "", "", "", "", "New Jersey, USA", "English", "Dolby Digital", "2.00 : 1", "Color", "0", "0", "Movie", "False", "False", "False"
"Teenage Sex and Death at Camp Miasma", "6.7", "14981", "https://www.imdb.com/title/tt35298123/", "https://m.media-amazon.com/images/M/MV5BOTRlMWM2ZmQtNTljZC00MTg0LTlhNzQtZDg2N2FiMmU1NWY1XkEyXkFqcGc@._V1_.jpg", "A director making a slasher sequel becomes obsessed with casting the original film&apos;s &apos;final girl,&apos; leading both women into psychological and sexual chaos.", "Comedy, Horror, Romance", "112", "R", "former actress, female full frontal nudity, explicit nudity, female rear nudity, female nudity", "CA", "8", "UP 46", "Jane Schoenbrun", "", "Jack Haven, Hannah Einbinder, Jasmin Savoy Brown", "Jack Haven, Hannah Einbinder, Jasmin Savoy Brown, Aren Buchholz", "", "USD 249,606", "USD 6,732,070", "USD 8,538,708", "Nanaimo, British Columbia, Canada", "English", "", "1.85 : 1", "Color", "2", "5", "Movie", "False", "False", "False"
"The Whisper Man", "6.2", "56747", "https://www.imdb.com/title/tt11561116/", "https://m.media-amazon.com/images/M/MV5BOTI1YmY3YTQtYTg2Zi00OTZkLTk3NzQtNjcxNzIzMjk2ODZlXkEyXkFqcGc@._V1_.jpg", "A grieving father and his young son relocate to the quiet town of Garretton, which was terrorized by a serial killer known as The Whisper Man 15 years earlier, while rumors circulate that Whisper Man worked with an accomplice.", "Crime, Drama, Thriller", "111", "R", "serial killer, abduction, killer, father, young", "US", "9", "DOWN 5", "James Ashcroft", "Ben Jacoby, Chase Palmer, Alex North", "Robert De Niro, Michelle Monaghan, Adam Scott", "Robert De Niro, Michelle Monaghan, Adam Scott, Acston Luca Porto", "", "", "", "", "Plainfield, New Jersey, USA", "English", "Dolby Digital, Dolby Atmos", "2.39 : 1", "Color", "0", "0", "Movie", "False", "False", "False"
"Obsession", "7.8", "378974", "https://www.imdb.com/title/tt37287335/", "https://m.media-amazon.com/images/M/MV5BYzc1NWUwMDgtNGZlMS00ZmYzLWIzMzktNmMxMmY1MTUzNWExXkEyXkFqcGc@._V1_.jpg", "After breaking the mysterious &quot;One Wish Willow&quot; to win his crush&apos;s heart, a hopeless romantic finds himself getting exactly what he asked for but soon discovers that some desires come at a dark, sinister price.", "Horror, Romance, Thriller", "109", "R", "wish, obsession, supernatural horror, suicide by overdose, death of cat", "US", "10", "UP 1", "Curry Barker", "", "Michael Johnston, Inde Navarrette, Cooper Tomlinson", "Michael Johnston, Inde Navarrette, Cooper Tomlinson, Megan Lawless", "USD 750,000", "USD 17,196,855", "USD 263,451,715", "USD 519,400,671", "Los Angeles, California, USA", "English", "D-Cinema 48kHz 5.1, Dolby Atmos, Dolby Digital, SDDS, DTS:X", "1.50 : 1", "Color", "10", "13", "Movie", "False", "False", "False"
"Spider-Man: Brand New Day", "8", "310096", "https://www.imdb.com/title/tt22084616/", "https://m.media-amazon.com/images/M/MV5BOWNjYWM3NWItOGE0ZS00MWRjLThiZWEtYjc4ZmNmMmU5ZTVmXkEyXkFqcGc@._V1_.jpg", "A forgotten Peter Parker lives alone as a full-time Spider-Man until mounting pressure triggers a dangerous change and a powerful new enemy emerges.", "Action, Adventure, Sci-Fi", "145", "PG-13", "the punisher character, superhero action, marvel, shared universe, superhero sci fi", "US", "11", "DOWN 3", "Destin Daniel Cretton", "Chris McKenna, Erik Sommers, Stan Lee", "Tom Holland, Zendaya, Mark Ruffalo", "Tom Holland, Zendaya, Mark Ruffalo, Jon Bernthal", "USD 225,000,000", "USD 360,091,572", "USD 945,038,520", "USD 2,479,038,520", "Bothwell Street, Glasgow, Scotland, UK", "English", "IMAX 6-Track, Dolby Atmos, Dolby Digital, Dolby Surround 7.1, Dolby Surround 5.1", "", "Color", "0", "1", "Movie", "False", "False", "False"
"Practical Magic", "6.4", "121318", "https://www.imdb.com/title/tt0120791/", "https://m.media-amazon.com/images/M/MV5BOGM3ZjFhZjAtOTdlMS00MTY2LThjYmYtMTA2ZWM3YjdiM2E4XkEyXkFqcGc@._V1_.jpg", "Two witch sisters, raised by their eccentric aunts in a small town, face closed-minded prejudice and a curse which threatens to prevent them ever finding lasting love.", "Comedy, Fantasy, Romance", "104", "PG-13", "magic, loss of loved one, curse, witch, persecution", "US", "12", "DOWN 7", "Griffin Dunne", "Alice Hoffman, Robin Swicord, Akiva Goldsman", "Sandra Bullock, Nicole Kidman, Stockard Channing", "Sandra Bullock, Nicole Kidman, Stockard Channing, Dianne Wiest", "USD 75,000,000", "USD 13,104,694", "USD 46,732,881", "USD 94,432,881", "4 Front St NW, Coupeville, Washington, USA", "English", "Dolby Digital, SDDS, DTS", "2.39 : 1", "Color", "1", "6", "Movie", "False", "False", "False"
"Hopeu", "6.8", "8656", "https://www.imdb.com/title/tt27369017/", "https://m.media-amazon.com/images/M/MV5BZjE3ZDI0MmItMDIyMC00NzU2LTk2OTQtZTUxYTlkMjlkNmY3XkEyXkFqcGc@._V1_.jpg", "A mysterious discovery is made on the outskirts of the remote harbor town. The residents find themselves in a desperate fight for survival against something they have never encountered before.", "Action, Drama, Horror", "160", "R", "resident, extraterrestrial, village, police officer, secret", "KR", "13", "DOWN 3", "Na Hong-jin", "", "Hwang Jung-min, Zo In-sung, Hoyeon", "Hwang Jung-min, Zo In-sung, Hoyeon, Michael Fassbender", "", "USD 3,228,335", "USD 7,290,322", "USD 44,557,638", "Jeju Island, South Korea", "Korean, English", "Dolby Digital, Dolby Atmos", "2.35 : 1", "Color", "0", "2", "Movie", "False", "False", "False"
"Runner", "6.6", "4041", "https://www.imdb.com/title/tt31349844/", "https://m.media-amazon.com/images/M/MV5BOThmN2YyMzMtN2Y2Zi00MjViLTg2NzQtNGM0ZDU3ZDAyYThhXkEyXkFqcGc@._V1_.jpg", "A former soldier and his unlikely partner become the targets of a ruthless cartel while racing to complete a critical medical delivery and save the life of a little girl.", "Action, Comedy, Thriller", "98", "PG-13", "shootout, evil man, car chase, good versus evil, colombian drug cartel", "AU", "14", "DOWN 8", "Scott Waugh", "Miles Hubley, Tommy White", "Alan Ritchson, Owen Wilson, Rodrigo Santoro", "Alan Ritchson, Owen Wilson, Rodrigo Santoro, Leila George", "", "USD 6,462,291", "USD 12,101,146", "USD 13,487,141", "Brisbane, Queensland, Australia", "English", "", "", "Color", "0", "0", "Movie", "False", "False", "False"
"Supergirl", "5.8", "106320", "https://www.imdb.com/title/tt8814476/", "https://m.media-amazon.com/images/M/MV5BMmJkOTE0MWUtY2E5OS00NzEyLWI4NjEtYzQzYzFmMjk5ODE3XkEyXkFqcGc@._V1_.jpg", "Kara Zor-El, aka Supergirl, joins forces with an unlikely companion on an interstellar journey of vengeance and justice when an unexpected adversary strikes too close to home.", "Action, Adventure, Sci-Fi", "108", "PG-13", "dog, alien, pet, superhero action, animal", "US", "15", "DOWN 8", "Craig Gillespie", "Jerry Siegel, Joe Shuster, Ana Nogueira", "Milly Alcock, David Corenswet, Eve Ridley", "Milly Alcock, David Corenswet, Eve Ridley, Matthias Schoenaerts", "USD 170,000,000", "USD 37,102,018", "USD 72,366,532", "USD 126,366,532", "Iceland", "English", "Dolby Digital, Dolby Atmos, IMAX 6-Track, Dolby Surround 7.1", "2.39 : 1", "Color", "1", "3", "Movie", "False", "False", "False"
"Heart of the Beast", "7.2", "4108", "https://www.imdb.com/title/tt7526136/", "https://m.media-amazon.com/images/M/MV5BMDVlMTRhMjgtMjdmZi00NjJhLWExMmYtODExNWJkZGZjNjdhXkEyXkFqcGc@._V1_.jpg", "After a harrowing plane crash, Special Forces veteran James Belmont and his combat dog, Odin, find themselves stranded deep in the Alaskan wilderness. Together, they are forced into a brutal fight for survival against the elements.", "Action, Adventure, Drama", "101", "PG-13", "dog, special forces soldier, alaska, combat dog, alaskan wilderness", "US", "16", "UP 28", "David Ayer", "", "Brad Pitt, J.K. Simmons, Anna Lambe", "Brad Pitt, J.K. Simmons, Anna Lambe", "", "", "", "USD 232,772", "New Zealand", "English", "Dolby Surround 5.1", "2.39 : 1", "Color", "0", "0", "Movie", "False", "False", "False"
"Coyote vs. Acme", "7.4", "31426", "https://www.imdb.com/title/tt1756855/", "https://m.media-amazon.com/images/M/MV5BMDg5NDFkNTctZWE2ZC00MDYzLThlYjItZTljZDY3NTcwNjA3XkEyXkFqcGc@._V1_.jpg", "After enduring years of malfunctioning products, Wile E. Coyote teams up with a local personal injury attorney to take on ACME, the manufacturer of anything and everything used by the Looney Tunes characters.", "Animation, Adventure, Comedy", "103", "PG", "wile e. coyote character, road runner character, acme brand, looney tunes, based on magazine article", "US", "17", "DOWN 5", "Dave Green", "Samy Burch, James Gunn, Jeremy Slater", "Will Forte, Lana Condor, John Cena", "Will Forte, Lana Condor, John Cena, Tone Bell", "USD 70,000,000", "USD 15,914,007", "USD 55,251,742", "USD 82,369,758", "Albuquerque, New Mexico, USA", "English", "Dolby Atmos, Dolby Surround 5.1, Dolby Surround 7.1", "2.39 : 1", "Color", "1", "0", "Movie", "False", "False", "False"
"In the Grey", "6.3", "48129", "https://www.imdb.com/title/tt27681354/", "https://m.media-amazon.com/images/M/MV5BOGFlYTk3M2ItNmY4Zi00ZmI2LWIzMjQtY2EyNTY4MzNkOTNiXkEyXkFqcGc@._V1_.jpg", "A covert team of elite operatives are living in the shadows. When a ruthless despot steals a billion-dollar fortune, they&apos;re sent to take it back-an impossible heist that erupts into a deadly game of strategy, deception and survival.", "Action, Crime, Thriller", "98", "R", "escape, jeddah saudi arabia, asset seizure, team action, caper", "GB", "18", "FLAT 0", "Guy Ritchie", "", "Henry Cavill, Jake Gyllenhaal, Eiza González", "Henry Cavill, Jake Gyllenhaal, Eiza González, Carlos Bardem", "", "USD 2,926,879", "USD 5,723,890", "USD 27,782,325", "Tenerife, Canary Islands, Spain", "English", "Dolby Atmos, Dolby Digital", "2.39 : 1", "Color", "0", "0", "Movie", "False", "False", "False"
"The Ministry of Ungentlemanly Warfare", "6.8", "170507", "https://www.imdb.com/title/tt5177120/", "https://m.media-amazon.com/images/M/MV5BYmIxODc5ZjMtYzZmZS00OTE5LThkZDktNWNmODNiZjFhMDgyXkEyXkFqcGc@._V1_.jpg", "The British military recruits a small group of highly skilled soldiers to strike against German forces behind enemy lines during World War II.", "Action, Comedy, War", "122", "R", "minister, world war two, year 1939, black ops, gunfight", "US", "19", "UP 76", "Guy Ritchie", "Paul Tamasy, Eric Johnson, Arash Amel", "Henry Cavill, Alan Ritchson, Alex Pettyfer", "Henry Cavill, Alan Ritchson, Alex Pettyfer, Eiza González", "USD 60,000,000", "USD 8,913,698", "USD 20,535,053", "USD 29,768,915", "Antalya, Turkey", "English", "Dolby Digital, 12-Track Digital Sound, Dolby Surround 7.1, Auro 11.1, DTS:X, Dolby Atmos, SDDS", "2.39 : 1", "Color", "1", "2", "Movie", "False", "False", "False"
"The Fix", "4.7", "1210", "https://www.imdb.com/title/tt9601292/", "https://m.media-amazon.com/images/M/MV5BYjhiYzQ5YjQtZTlhZS00YTQ0LTk5YzMtNmRjY2EwYmFhYmIzXkEyXkFqcGc@._V1_.jpg", "Disillusioned by the end of the war in Afghanistan, a group of disgraced, war torn ex-CIA operators set out to Tehran to take down a life changing score.", "Action, Thriller", "141", "R", "journey, female nudity", "US", "20", "UP 36", "Guy Moshe", "Guy Moshe, Mark Bacci, Ron Hutchinson", "Zachary Levi, Liam Neeson, Quincy Isaiah", "Zachary Levi, Liam Neeson, Quincy Isaiah, Wes Chatham", "USD 32,000,000", "USD 726,161", "USD 1,025,222", "USD 1,036,654", "Mississippi, USA", "English", "", "2.35 : 1", "Color", "0", "0", "Movie", "False", "False", "False"
"Tony", "7.4", "12966", "https://www.imdb.com/title/tt33095251/", "https://m.media-amazon.com/images/M/MV5BNDc1NGEyMzAtZWNiNC00MDY0LTg2NmYtZWIxZmM0NTNhNjc0XkEyXkFqcGc@._V1_.jpg", "A 19-year-old Anthony Bourdain travels to Provincetown and stumbles into the chaotic world of a restaurant kitchen, setting off a summer that will shape the course of his life.", "Biography, Comedy, Drama", "106", "R", "coming of age drama, period drama, docudrama drama, dark comedy, name as title", "US", "21", "UP 78", "Matt Johnson", "Todd Bartels, Lou Howe, Matt Johnson", "Dominic Sessa, Antonio Banderas, Emilia Jones", "Dominic Sessa, Antonio Banderas, Emilia Jones, Leo Woodall", "", "USD 348,995", "USD 15,194,788", "USD 18,576,011", "Provincetown, Massachusetts, USA", "English", "Dolby Surround 5.1", "1.85 : 1", "Color", "0", "0", "Movie", "False", "False", "False"
"The Invite", "7.5", "74676", "https://www.imdb.com/title/tt14173636/", "https://m.media-amazon.com/images/M/MV5BMjI0MzJjMjctNmQzZi00Y2U4LWEwZGItMmE3NDUzNzk1YzY3XkEyXkFqcGc@._V1_.jpg", "Joe and Angela&apos;s marriage is on thin ice. When they invite their enigmatic upstairs neighbors for a dinner party, the night spirals into unexpected places.", "Comedy, Drama, Romance", "107", "R", "husband wife relationship, dysfunctional marriage, neighbor, apartment, loud sex", "US", "22", "FLAT 0", "Olivia Wilde", "Cesc Gay, Will McCormack, Rashida Jones", "Seth Rogen, Olivia Wilde, Penélope Cruz", "Seth Rogen, Olivia Wilde, Penélope Cruz, Edward Norton", "USD 12,000,000", "USD 379,104", "USD 26,035,629", "USD 55,735,629", "Glen Park Station, San Francisco, California, USA", "English, Spanish", "Dolby Digital", "1.85 : 1", "Color", "2", "8", "Movie", "False", "False", "False"
"Backrooms", "6.8", "205554", "https://www.imdb.com/title/tt26657236/", "https://m.media-amazon.com/images/M/MV5BYzQyYjZmMjctMzIyZi00MDI0LWJhNGQtMzQ3MTFlNDgwNGM5XkEyXkFqcGc@._V1_.jpg", "After a therapist&apos;s patient disappears into a dimension beyond reality, she must venture into the unknown to save him.", "Horror, Sci-Fi, Thriller", "126", "R", "psychological horror, backrooms, liminal space, creepypasta, analog horror", "US", "23", "FLAT 0", "Kane Parsons", "Will Soodik, Kane Parsons", "Chiwetel Ejiofor, Renate Reinsve, Mark Duplass", "Chiwetel Ejiofor, Renate Reinsve, Mark Duplass, Finn Bennett", "USD 10,000,000", "USD 81,402,424", "USD 197,523,513", "USD 400,981,877", "15 King Edward Street, Coquitlam, British Columbia, Canada", "English, Portuguese, Turkish, Arabic, Japanese", "Dolby Atmos", "1.85 : 1", "Color", "0", "14", "Movie", "False", "False", "False"
"Project Hail Mary", "8.2", "557033", "https://www.imdb.com/title/tt12042730/", "https://m.media-amazon.com/images/M/MV5BNTkwNzJiYTctNzI3NC00NjE1LTlhYjktY2Q5MTdmMWFmNzcxXkEyXkFqcGc@._V1_.jpg", "A science teacher wakes up alone on a spaceship. As his memory returns, he uncovers a mission to stop a mysterious substance killing Earth&apos;s sun, and realizes that an unexpected friendship may be the key.", "Adventure, Comedy, Sci-Fi", "156", "PG-13", "outer space, alien, space sci fi, astronaut, based on novel", "US", "24", "FLAT 0", "", "Drew Goddard, Andy Weir", "Ryan Gosling, Sandra Hüller, James Ortiz", "Ryan Gosling, Sandra Hüller, James Ortiz, Lionel Boyce", "USD 200,000,000", "USD 80,506,007", "USD 344,050,007", "USD 684,985,304", "South Parade Pier, Southsea, Portsmouth, Hampshire, England, UK", "English", "Dolby Atmos, IMAX 6-Track, Dolby Digital, Dolby Surround 7.1", "2.00 : 1", "Color", "10", "10", "Movie", "False", "False", "False"
"Pressure", "7.3", "33703", "https://www.imdb.com/title/tt32547691/", "https://m.media-amazon.com/images/M/MV5BMjE2YjdkNDctMDg1MS00MjBjLWIyZjEtZWM1ZjczNTAzZGEyXkEyXkFqcGc@._V1_.jpg", "In the tense 72 hours before D-Day, General Dwight D. Eisenhower and Captain James Stagg face an impossible choice--launch the most dangerous seaborne invasion in history or risk losing the war altogether.", "Drama, History, Thriller", "100", "PG-13", "world war two, seaborne invasion, invasion, d day, bloody water", "GB", "25", "UP 1", "Anthony Maras", "David Haig, Anthony Maras", "Andrew Scott, Brendan Fraser, Kerry Condon", "Andrew Scott, Brendan Fraser, Kerry Condon, Chris Messina", "", "USD 5,811,480", "USD 15,569,855", "USD 23,478,190", "Mentmore Towers, Mentmore, Buckinghamshire, England, UK", "English", "", "1.85 : 1", "Color", "1", "0", "Movie", "False", "False", "False"
"Buddy", "7", "7986", "https://www.imdb.com/title/tt37281055/", "https://m.media-amazon.com/images/M/MV5BMWRkNWJhNjYtY2FkZC00YjFlLWFjMjUtZGFhMjc5MGYyODE4XkEyXkFqcGc@._V1_.jpg", "A brave girl and her friends must escape a kids television show.", "Fantasy, Horror, Thriller", "96", "R", "gore, mascot, unicorn, blood, dark comedy", "US", "26", "DOWN 9", "Casper Kelly", "Casper Kelly, Jamie King", "Cristin Milioti, Delaney Quinn, Topher Grace", "Cristin Milioti, Delaney Quinn, Topher Grace, Caleb Williams", "", "USD 5,464,870", "USD 25,079,632", "USD 25,079,632", "Cleveland, Ohio, USA", "English", "", "1.85 : 1", "Color", "0", "1", "Movie", "False", "False", "False"
"The Rivals of Amziah King", "6.8", "5888", "https://www.imdb.com/title/tt27706593/", "https://m.media-amazon.com/images/M/MV5BOGVkMTY3OTMtMjEwOC00MGVmLTlmNmItZmZhNDNhYTEzOTQ0XkEyXkFqcGc@._V1_.jpg", "Amziah King, beekeeper, musician, and anchor of his community, reunites with former foster daughter Kateri after many years apart, and fends off threats to his honey business.", "Crime, Drama, Thriller", "130", "R", "contemporary western, caper crime, five word title, drive in, diner", "US", "27", "UP 217", "Andrew Patterson", "", "Matthew McConaughey, Angelina LookingGlass, Kurt Russell", "Matthew McConaughey, Angelina LookingGlass, Kurt Russell, Owen Teague", "", "USD 1,024,646", "USD 2,120,671", "USD 3,111,550", "Jasper, Alabama, USA", "English", "", "", "Color", "0", "1", "Movie", "False", "False", "False"
"The Mandalorian and Grogu", "6.8", "113261", "https://www.imdb.com/title/tt30825738/", "https://m.media-amazon.com/images/M/MV5BYjRkYzAzNjktZmRhMy00NjRiLWE0OTMtYmRmMTE5NDkzY2NlXkEyXkFqcGc@._V1_.jpg", "Once a lone bounty hunter, Mandalorian Din Djarin and his apprentice Grogu embark on an exciting new Star Wars adventure.", "Action, Adventure, Family", "132", "PG-13", "space adventure, star wars, space sci fi, epic sci fi, epic fantasy", "US", "28", "DOWN 14", "Jon Favreau", "George Lucas, Jon Favreau, Dave Filoni", "Pedro Pascal, Brendan Wayne, Lateef Crowder", "Pedro Pascal, Brendan Wayne, Lateef Crowder, Sigourney Weaver", "USD 165,000,000", "USD 81,670,433", "USD 177,730,060", "USD 345,602,060", "Magdalen Islands, Quebec, Canada", "English", "Dolby Atmos, IMAX 6-Track, Auro 11.1, Dolby Surround 7.1, Dolby Digital, DTS:X, Dolby Surround 5.1", "2.39 : 1", "Color", "0", "3", "Movie", "False", "False", "False"
"The Uprising", "6.3", "2951", "https://www.imdb.com/title/tt36983905/", "https://m.media-amazon.com/images/M/MV5BYmNiZjVhOGItZTUxMi00MDUwLWJlNDItYTg2MTViZmQzMmU0XkEyXkFqcGc@._V1_.jpg", "Based on the true story of the uprising that inspired the legend of Robin Hood, Andrew Garfield stars as the leader of a rebellion against the tyranny of King Richard II in a fight for justice.", "Action, Drama, History", "128", "R", "14th century, medieval, britain, medieval england, two word title", "GB", "29", "DOWN 10", "Paul Greengrass", "", "Andrew Garfield, Jamie Bell, Stephen Dillane", "Andrew Garfield, Jamie Bell, Stephen Dillane, Woody Norman", "", "USD 3,311,085", "USD 5,930,840", "USD 6,636,076", "Penzing Studios, Landsberg, Bavaria, Germany", "English", "Dolby Surround 5.1", "1.85 : 1", "Color", "0", "0", "Movie", "False", "False", "False"
"The Weight", "6.9", "2607", "https://www.imdb.com/title/tt10794054/", "https://m.media-amazon.com/images/M/MV5BZWU1NWY0MzctYmFiYS00MDU3LWFlNDItZDc5ZGY3Y2JiYTI4XkEyXkFqcGc@._V1_.jpg", "Desperate to save what is left of his family, during the height of the Great Depression, a battle-scarred veteran is hired to help smuggle a fortune in gold across 100 miles of impenetrable wilderness.", "Action, Adventure, Crime", "113", "R", "gold, two word title, period drama, little girl, 4 months later", "DE", "30", "UP 42", "Padraic McKinley", "Matthew Booi, Leo Scherman, Matthew Chapman", "Ethan Hawke, Russell Crowe, Julia Jones", "Ethan Hawke, Russell Crowe, Julia Jones, Austin Amelio", "", "USD 2,301,059", "USD 2,301,059", "USD 2,353,763", "Munich, Bavaria, Germany", "English", "", "", "Color", "0", "0", "Movie", "False", "False", "False"
"Primetime", "7.3", "2531", "https://www.imdb.com/title/tt34206385/", "https://m.media-amazon.com/images/M/MV5BMTcyZGI2NWQtOTU3NS00NTEyLTliNDItNTQyNmFkMGZmZGQzXkEyXkFqcGc@._V1_.jpg", "In 2006, To Catch a Predator host Chris Hansen sets out to make television history.", "Biography, Crime, Drama", "110", "R", "showbiz drama, true crime, psychological thriller, chris hansen character, year 2006", "US", "31", "DOWN 3", "Lance Oppenheim", "Luke Dittrich, Ajon Singh", "Robert Pattinson, Merritt Wever, Skyler Gisondo", "Robert Pattinson, Merritt Wever, Skyler Gisondo, Matthew Maher", "", "", "", "", "New Orleans, Louisiana, USA", "English", "", "1.50 : 1", "Color", "0", "1", "Movie", "False", "False", "False"
"One Night Only", "6", "13157", "https://www.imdb.com/title/tt37853455/", "https://m.media-amazon.com/images/M/MV5BM2ZlYTQ2YmUtZTNlNy00OGI0LWFmNjctN2MyNjYzNjAzNjliXkEyXkFqcGc@._V1_.jpg", "Two New Yorkers search for love on the one night of the year when pre-marital sex is legal.", "Comedy, Romance", "102", "R", "lighthouse, woman wears a short dress, male rear nudity, male nudity, romantic comedy", "US", "32", "DOWN 12", "Will Gluck", "", "Callum Turner, Tyonne Chambers, Grace Dumdaw", "Callum Turner, Tyonne Chambers, Grace Dumdaw, Duncan Jui", "", "USD 5,508,045", "USD 11,506,280", "USD 24,826,132", "New York City, New York, USA", "English", "Dolby Surround 5.1, Dolby Surround 7.1, Dolby Digital", "2.39 : 1", "Color", "0", "0", "Movie", "False", "False", "False"
"Mr. Irrelevant", "0", "0", "https://www.imdb.com/title/tt30093348/", "https://m.media-amazon.com/images/M/MV5BNmFhNTIyYzAtYzJlMS00Y2Y1LTg3NjEtNTdiNzhmYTk5YzQyXkEyXkFqcGc@._V1_.jpg", "The heartfelt story of the inspiring, enduring impact John Tuggle had on his team and teammates after being drafted by the New York Giants.", "Biography, Drama, Sport", "0", "", "american football sport, docudrama drama, underdog sport, period drama", "AU", "33", "UP 3145", "Jonathan Levine", "", "David Corenswet, David Krumholtz, Isabel May", "David Corenswet, David Krumholtz, Isabel May, Michael Shannon", "", "", "", "", "Docklands Studios, Melbourne, Victoria, Australia", "English", "", "", "Color", "0", "0", "Movie", "False", "False", "False"
"Weapons", "7.4", "403332", "https://www.imdb.com/title/tt26581740/", "https://m.media-amazon.com/images/M/MV5BNTBhNWJjZWItYzY3NS00M2NkLThmOWYtYTlmNzBmN2UxZWFjXkEyXkFqcGc@._V1_.jpg", "When all but one child from the same class mysteriously vanish on the same night at exactly the same time, a community is left questioning who or what is behind their disappearance.", "Horror, Mystery", "128", "R", "witchcraft, evil witch, missing children, female teacher, psychological horror", "US", "34", "UP 43", "Zach Cregger", "", "Julia Garner, Josh Brolin, Alden Ehrenreich", "Julia Garner, Josh Brolin, Alden Ehrenreich, Scarlett Sher", "USD 38,000,000", "USD 43,501,217", "USD 151,572,492", "USD 270,072,492", "Atlanta, Georgia, USA", "English", "Dolby Atmos, Dolby Digital, DTS:X, IMAX 6-Track, Auro 11.1, SDDS, 12-Track Digital Sound, Dolby", "", "Color", "64", "131", "Movie", "False", "False", "False"
"The Runner", "4.2", "21403", "https://www.imdb.com/title/tt34564059/", "https://m.media-amazon.com/images/M/MV5BYzgzYzVhY2QtNjIzNi00Zjk5LWE1ZmQtYmJkNGY3YmExNDdlXkEyXkFqcGc@._V1_.jpg", "A high-powered attorney must race through London to save her abducted son while following cryptic commands from a mysterious caller.", "Action, Thriller", "84", "PG-13", "attorney, mysterious caller, london england, abduction, two word title", "GB", "35", "DOWN 22", "Kevin Macdonald", "", "Gal Gadot, Damian Lewis, Rory Wilmot", "Gal Gadot, Damian Lewis, Rory Wilmot, Alfred Enoch", "", "", "", "USD 568,477", "London, England, UK", "English", "Dolby Digital, Dolby Atmos", "1.50 : 1", "Color", "0", "0", "Movie", "False", "False", "False"
"Enfrentados: Marfil", "5.4", "4247", "https://www.imdb.com/title/tt36073210/", "https://m.media-amazon.com/images/M/MV5BYjdkMTRlZGItNDdkMS00NDIwLTkyYzktNDNiYjYwNjdkMzEyXkEyXkFqcGc@._V1_.jpg", "After her mysterious kidnapping in NYC, Spanish tycoon&apos;s daughter Marfil Cortés gets bodyguard Sebastián Moore. Despite clashing personalities, attraction grows as they face escalating threats in Spain, where appearances deceive.", "Drama, Romance, Thriller", "104", "TV-MA", "female buttocks, dancing, sexual positions, kidnapping, flirting", "ES", "36", "DOWN 21", "Óscar Pedraza", "Sofía Cuenca, Mercedes Ron", "Ester Expósito, Hugo Diego Garcia, Pablo Molinero", "Ester Expósito, Hugo Diego Garcia, Pablo Molinero, Lluís Homar", "", "", "", "", "New York City, New York, USA", "Spanish, English", "Dolby Digital, Dolby Atmos", "2.39:1", "Color", "0", "0", "Movie", "False", "False", "False"
"Run Hide Fight: Infidels", "4.3", "3176", "https://www.imdb.com/title/tt40231163/", "https://m.media-amazon.com/images/M/MV5BZTgwNDU5ZDQtMGVmYS00NGYyLThjYmMtOWJmYjUzZGQ1MTdkXkEyXkFqcGc@._V1_.jpg", "When radical Islamic terrorists hijack a liberal college&apos;s pro-Palestine encampment, a ragtag band of red-blooded students, a security guard, and a Delta Force vet must arm up to save their clueless peers.", "Action, Thriller", "129", "", "", "US", "37", "UP 1436", "Kyle Rankin", "", "Jonathan Majors, JC Kilcoyne, Stephen Hailo", "Jonathan Majors, JC Kilcoyne, Stephen Hailo, Tyler Aser", "USD 5,000,000", "", "", "", "Gaffney, South Carolina, USA", "English", "", "2.39 : 1", "", "0", "0", "Movie", "False", "False", "False"
"Digger", "0", "0", "https://www.imdb.com/title/tt31450459/", "https://m.media-amazon.com/images/M/MV5BN2E0YTg1M2YtOGQyYi00NDFkLTk3NzUtYmEyNTZhYThhZDQ0XkEyXkFqcGc@._V1_.jpg", "The most powerful man in the world embarks on a frantic mission to prove he is humanity&apos;s savior before the disaster he&apos;s unleashed destroys everything.", "Comedy, Drama", "128", "R", "political satire, satire, dark comedy, satire comedy", "GB", "38", "UP 7", "Alejandro G. Iñárritu", "Sabina Berman, Jez Butterworth, Alexander Dinelaris", "Tom Cruise, Riz Ahmed, John Goodman", "Tom Cruise, Riz Ahmed, John Goodman, Sandra Hüller", "USD 125,000,000", "", "", "", "Pinewood Studios, Pinewood Road, Iver Heath, Iver, Buckinghamshire, England, UK", "English", "Dolby Atmos, Dolby Surround 5.1", "2.39 : 1", "Color", "0", "1", "Movie", "False", "False", "False"
"Why Did I Get Married Again?", "5.3", "1859", "https://www.imdb.com/title/tt38061210/", "https://m.media-amazon.com/images/M/MV5BNTE5YWVkMTAtODJkYi00Y2IwLTlkZDAtYTQ3MDI3ODFiMWI5XkEyXkFqcGc@._V1_.jpg", "Jasmine loves Wesley, and their wedding is near - but her stern father and others disapprove, prompting couples around them to question their own &quot;perfect&quot; marriages.", "Comedy, Drama", "111", "PG-13", "african american, six word title", "US", "39", "DOWN 30", "Tyler Perry", "", "Tyler Perry, Taraji P. Henson, Jill Scott", "Tyler Perry, Taraji P. Henson, Jill Scott, Richard T. Jones", "", "", "", "", "", "English", "", "", "Color", "0", "0", "Movie", "False", "False", "False"
"Disclosure Day", "6.4", "158727", "https://www.imdb.com/title/tt15047880/", "https://m.media-amazon.com/images/M/MV5BZDVkYjkxMzMtZjEzYS00N2ZmLTg1YzQtN2NiNmQwYTkxNzhiXkEyXkFqcGc@._V1_.jpg", "If you found out we weren&apos;t alone, if someone showed you, proved it to you, would that frighten you?", "Action, Mystery, Sci-Fi", "145", "PG-13", "alien, telepathy, meteorologist, ufo disclosure, paranoia", "US", "40", "DOWN 2", "Steven Spielberg", "David Koepp, Steven Spielberg", "Emily Blunt, Josh O'Connor, Colin Firth", "Emily Blunt, Josh O'Connor, Colin Firth, Eve Hewson", "USD 115,000,000", "USD 44,530,925", "USD 116,636,645", "USD 241,492,397", "Huntington, New York, USA", "English", "70 mm 6-Track, Dolby Atmos, Dolby Surround 5.1, IMAX 6-Track, Dolby Surround 7.1, Datasat, Sonics-DDP, DTS:X", "2.39 : 1", "Color", "3", "7", "Movie", "False", "False", "False"
"Mirzapur: The Movie", "7.7", "6580", "https://www.imdb.com/title/tt34339725/", "https://m.media-amazon.com/images/M/MV5BZjhlYWY1NWUtYjU4Zi00MDg4LWE2N2MtYjQzMjBkMjgwOWI5XkEyXkFqcGc@._V1_.jpg", "The battle for Mirzapur&apos;s throne escalates as old enemies resurface and new threats emerge. Blood debts must be paid while power-hungry contenders fight to control the city&apos;s violent underworld.", "Action, Crime, Drama", "195", "", "based on web series, gangster crime", "IN", "41", "DOWN 8", "Gurmmeet Singh", "", "Ali Fazal, Pankaj Tripathi, Divyendu Sharma", "Ali Fazal, Pankaj Tripathi, Divyendu Sharma, Jitendra Kumar", "", "", "USD 2,649,383", "USD 5,052,169", "", "Hindi", "Dolby Digital, Dolby Atmos", "2.39:1", "Color", "0", "0", "Movie", "False", "False", "False"
"The Sheep Detectives", "7.4", "116114", "https://www.imdb.com/title/tt32565993/", "https://m.media-amazon.com/images/M/MV5BNTFmZWI4YmMtNmQ0ZC00ZGQwLTk1OWEtZjAyZmIzOGY0MGFiXkEyXkFqcGc@._V1_.jpg", "Every night a shepherd reads aloud a murder mystery, pretending his sheep can understand. When he is found dead, the sheep realize at once that it was a murder and think they know everything about how to go about solving it.", "Comedy, Family, Mystery", "109", "PG", "whodunnit mystery, animals family, sheep, small town, police detective", "GB", "42", "FLAT 0", "Kyle Balda", "Craig Mazin, Leonie Swann", "Hugh Jackman, Brett Goldstein, Patrick Stewart", "Hugh Jackman, Brett Goldstein, Patrick Stewart, Regina Hall", "USD 75,000,000", "USD 15,087,796", "USD 66,078,506", "USD 133,065,980", "Hambleden, Buckinghamshire, England, UK", "English", "Dolby Digital, Dolby Atmos, SDDS, DTS:X", "2.00 : 1", "Color", "1", "0", "Movie", "False", "False", "False"
"Resident Evil", "6.6", "316299", "https://www.imdb.com/title/tt0120804/", "https://m.media-amazon.com/images/M/MV5BYmI3YjJkN2ItY2ZmYS00Y2JhLTk2YTQtYzE5YWU5ODI1MzJmXkEyXkFqcGc@._V1_.jpg", "A special military unit fights a powerful, out-of-control supercomputer and hundreds of scientists who have mutated into flesh-eating creatures after a laboratory accident.", "Action, Horror, Sci-Fi", "100", "R", "zombie, virus, amnesia, quarantine, zombie apocalypse", "GB", "43", "UP 255", "Paul W.S. Anderson", "", "Milla Jovovich, Michelle Rodriguez, Ryan McCluskey", "Milla Jovovich, Michelle Rodriguez, Ryan McCluskey, Oscar Pearce", "USD 33,000,000", "USD 17,707,106", "USD 40,119,709", "USD 102,984,862", "Reichstag subway tunnel, Berlin, Germany", "English", "DTS, Dolby Digital, SDDS, Dolby Atmos", "1.85 : 1", "Color", "0", "7", "Movie", "False", "False", "False"
"The Shawshank Redemption", "9.3", "3242923", "https://www.imdb.com/title/tt0111161/", "https://m.media-amazon.com/images/M/MV5BMDAyY2FhYjctNDc5OS00MDNlLThiMGUtY2UxYWVkNGY2ZjljXkEyXkFqcGc@._V1_.jpg", "After a banker is sentenced to life in Shawshank Prison, he forms an unlikely friendship with a seasoned inmate and clings to hope amid cruelty and corruption.", "Drama", "142", "R", "prison, based on the works of stephen king, escape from prison, friendship between men, wrongful conviction", "US", "44", "UP 2", "Frank Darabont", "Stephen King, Frank Darabont", "Tim Robbins, Morgan Freeman, Bob Gunton", "Tim Robbins, Morgan Freeman, Bob Gunton, William Sadler", "USD 25,000,000", "USD 727,327", "USD 28,767,189", "USD 29,425,588", "Butler, Ohio, USA", "English", "Dolby Digital", "1.85 : 1", "Color", "21", "43", "Movie", "False", "False", "False"
"The Hunger Games: Sunrise on the Reaping", "0", "0", "https://www.imdb.com/title/tt32558705/", "https://m.media-amazon.com/images/M/MV5BNjEzYTE2ODEtNzY5Zi00ZmVmLWEyYzEtYjdlZWU2NjcyYzMzXkEyXkFqcGc@._V1_.jpg", "Revisit the world of Panem 24 years before the events of The Hunger Games, starting on the morning of the reaping of the 50th Hunger Games, also known as the Second Quarter Quell.", "Action, Adventure, Fantasy", "150", "PG-13", "future, survival, dystopia, based on young adult novel, game of survival", "US", "45", "UP 100", "Francis Lawrence", "Billy Ray, Suzanne Collins, Michael Lesslie", "Jennifer Lawrence, Mckenna Grace, Elle Fanning", "Jennifer Lawrence, Mckenna Grace, Elle Fanning, Jesse Plemons", "", "", "", "", "bcc Berlin Congress Center GmbH, Berlin, Germany", "English", "Dolby Surround 7.1, Dolby Atmos, DTS, Dolby Digital, IMAX 6-Track", "2.39 : 1", "Color", "0", "1", "Movie", "False", "False", "False"
"Scary Movie", "4.8", "58707", "https://www.imdb.com/title/tt32093575/", "https://m.media-amazon.com/images/M/MV5BNTJjMDk1NzAtMGVmNS00NTFmLWFlOTQtZDk5M2I2NjZiZDdlXkEyXkFqcGc@._V1_.jpg", "Two friends find themselves caught up in mayhem involving killers, monsters and supernatural creatures once again.", "Comedy, Horror", "95", "R", "slasher horror, crude humor comedy, parody comedy, diaper wearing woman, raunchy comedy", "US", "46", "DOWN 5", "Michael Tiddes", "Marlon Wayans, Shawn Wayans, Keenen Ivory Wayans", "Marlon Wayans, Shawn Wayans, Anna Faris", "Marlon Wayans, Shawn Wayans, Anna Faris, Regina Hall", "USD 30,000,000", "USD 54,336,626", "USD 108,277,762", "USD 231,886,052", "Tyler Perry Studios, Atlanta, Georgia, USA", "English", "Dolby Digital, Dolby Atmos", "2.39 : 1", "Color", "0", "2", "Movie", "False", "False", "False"
"The Gentlemen", "7.8", "468166", "https://www.imdb.com/title/tt8367814/", "https://m.media-amazon.com/images/M/MV5BMjE2ZjQ4ZGMtZjFhMi00NmI5LTliNjEtODczMWMxNjliZjgxXkEyXkFqcGc@._V1_.jpg", "An American expat tries to sell off his highly profitable marijuana empire in London, triggering plots, schemes, bribery and blackmail in an attempt to steal his domain out from under him.", "Action, Comedy, Crime", "113", "R", "marijuana farm, gangster, british, marijuana, gay character", "US", "47", "DOWN 4", "Guy Ritchie", "Guy Ritchie, Ivan Atkinson, Marn Davies", "Matthew McConaughey, Charlie Hunnam, Michelle Dockery", "Matthew McConaughey, Charlie Hunnam, Michelle Dockery, Jeremy Strong", "USD 22,000,000", "USD 10,651,884", "USD 36,471,795", "USD 126,227,184", "Emirates Stadium, Highbury House, 75 Drayton Park, Highbury, London, Greater London, England, UK", "English, Russian, Spanish, Chinese", "Dolby Digital, Dolby Surround 7.1, Dolby Atmos", "2.39 : 1", "Color", "1", "4", "Movie", "False", "False", "False"
"Verity", "0", "0", "https://www.imdb.com/title/tt32261958/", "https://m.media-amazon.com/images/M/MV5BZmE0OWRiNzktY2MwMy00YzQ5LWFkMzctNjI1ZWQ1NTRiZGM3XkEyXkFqcGc@._V1_.jpg", "Lowen Ashleigh is hired to ghostwrite for Verity Crawford. After she uncovers what appears to be Verity&apos;s autobiographical notes, she wrestles with the confessions about Verity&apos;s husband, and finds it hard to separate fiction from...", "Crime, Drama, Mystery", "114", "R", "psychological thriller, book, based on novel", "US", "48", "UP 31", "Michael Showalter", "Nick Antosca, Colleen Hoover", "Anne Hathaway, Dakota Johnson, Josh Hartnett", "Anne Hathaway, Dakota Johnson, Josh Hartnett, Ismael Cruz Cordova", "", "", "", "", "Pershing Square, New York City, New York, USA", "English", "", "2.39 : 1", "Color", "0", "0", "Movie", "False", "False", "False"
"Barbarian", "7", "272852", "https://www.imdb.com/title/tt15791034/", "https://m.media-amazon.com/images/M/MV5BNWQ5MDgwMzMtNWZhMy00Y2Q4LWI5NTAtODA4MDIzYTExOGQzXkEyXkFqcGc@._V1_.jpg", "A woman staying at an Airbnb discovers that the house she has rented is not what it seems.", "Horror, Mystery, Thriller", "102", "R", "airbnb rental, basement, hidden basement, detroit michigan, house of horrors", "US", "49", "UP 134", "Zach Cregger", "", "Georgina Campbell, Bill Skarsgård, Justin Long", "Georgina Campbell, Bill Skarsgård, Justin Long, Matthew Patrick Davis", "USD 4,500,000", "USD 10,543,948", "USD 40,842,944", "USD 46,169,370", "Sofia, Bulgaria", "English", "Dolby Surround 7.1, Dolby Digital, Dolby Atmos, DTS:X, SDDS", "1.85 : 1", "Color", "5", "40", "Movie", "False", "False", "False"
"Other Mommy", "0", "0", "https://www.imdb.com/title/tt36586020/", "https://m.media-amazon.com/images/M/MV5BNWU2MzZlNmItYzVmYi00Y2Y4LWI4NTktNTg3NDE0MGE5NGRkXkEyXkFqcGc@._V1_.jpg", "Bela, an 8-year-old girl living in a home with marital problems, confronts a sinister entity which comes out of her closet. The presence, whom she calls &quot;Other Mommy,&quot; becomes increasingly threatening to her and her family.", "Horror", "93", "R", "closet, entity, sinister entity, marital problem, mystery thriller", "IE", "50", "UP 155", "Rob Savage", "Nathan Elston, Josh Malerman", "Jessica Chastain, Jay Duplass, Arabella Olivia Clark", "Jessica Chastain, Jay Duplass, Arabella Olivia Clark, Alejandro Nieves", "", "", "", "", "Wicklow, Ireland", "English", "", "", "Color", "0", "0", "Movie", "False", "False", "False"
"The Get Out", "5.6", "3890", "https://www.imdb.com/title/tt32321803/", "https://m.media-amazon.com/images/M/MV5BZjhkMzcyMDktNjY0ZC00NjQxLTgyMjYtMTA1ODE4OGVkMDk1XkEyXkFqcGc@._V1_.jpg", "A nightclub owner is on the verge of leaving his dangerous past behind for retirement. After masked gunmen rob him and he finds himself squeezed by ruthless cartels, a mysterious newcomer arrives with an interest in buying the bus...", "Action, Thriller", "111", "R", "organized crime", "US", "51", "UP 1274", "Derrick Borte", "Thomas Perry, Derrick Borte, Daniel Forte", "Russell Crowe, Luke Evans, Teresa Palmer", "Russell Crowe, Luke Evans, Teresa Palmer, Daniel Zovatto", "", "", "", "USD 781,968", "Gold Coast, Queensland, Australia", "English", "", "2.39 : 1", "Color", "0", "0", "Movie", "False", "False", "False"
"Superman", "7", "446078", "https://www.imdb.com/title/tt5950044/", "https://m.media-amazon.com/images/M/MV5BOGMwZGJiM2EtMzEwZC00YTYzLWIxNzYtMmJmZWNlZjgxZTMwXkEyXkFqcGc@._V1_.jpg", "Superman must reconcile his alien Kryptonian heritage with his human upbringing as reporter Clark Kent. As the embodiment of truth, justice and the American way he soon finds himself in a world that views these as old-fashioned.", "Action, Adventure, Sci-Fi", "129", "PG-13", "superhero, hero, dc universe, alien, comicbook movie", "US", "52", "UP 22", "James Gunn", "James Gunn, Jerry Siegel, Joe Shuster", "David Corenswet, Rachel Brosnahan, Nicholas Hoult", "David Corenswet, Rachel Brosnahan, Nicholas Hoult, Alan Tudyk", "USD 225,000,000", "USD 125,021,735", "USD 354,223,803", "USD 618,723,803", "Cincinnati, Ohio, USA", "English", "Dolby Atmos, IMAX 6-Track, DTS:X, 12-Track Digital Sound, SDDS, Dolby Surround 7.1, Auro 11.1", "1.85 : 1", "Color", "7", "82", "Movie", "False", "False", "False"
"Mutiny", "5.7", "21776", "https://www.imdb.com/title/tt32338669/", "https://m.media-amazon.com/images/M/MV5BY2FhN2NlNWMtZDM3OC00MjQzLWEwYzYtMmJhNTY1YmRjZTNmXkEyXkFqcGc@._V1_.jpg", "After his billionaire industrialist boss is murdered in front of him, Cole Reed is set up to take the fall for the crime -- leaving him on the run as he works to uncover an international conspiracy.", "Action, Crime, Thriller", "95", "R", "distress signal, murder, statham action, conspiracy thriller, photograph", "GB", "53", "DOWN 26", "Jean-François Richet", "Lindsay Michel, J.P. Davis", "Jason Statham, Chaneil Kular, Ramon Tikaram", "Jason Statham, Chaneil Kular, Ramon Tikaram, Andrew John Tait", "USD 40,000,000", "USD 7,709,519", "USD 15,835,475", "USD 29,342,171", "UK", "English", "Dolby Surround 7.1, Dolby Digital, Dolby Atmos, Dolby Surround 5.1", "2.00 : 1", "Color", "0", "0", "Movie", "False", "False", "False"
"The Dog Stars", "6.4", "16909", "https://www.imdb.com/title/tt21285562/", "https://m.media-amazon.com/images/M/MV5BOThjZGM1Y2QtYTZmOS00NGE3LTk0MjEtMWM2Y2QyM2VkMmE3XkEyXkFqcGc@._V1_.jpg", "In a post-apocalyptic world, a virus wipes out humanity. Survivors face roaming scavengers called Reapers. Protagonist Hig, a pilot, survived the flu but lost his wife.", "Action, Sci-Fi, Thriller", "118", "R", "dystopian sci fi, survival adventure, quest adventure, psychological drama, epic sci fi", "GB", "54", "DOWN 29", "Ridley Scott", "Mark L. Smith, Peter Heller", "Jacob Elordi, Margaret Qualley, Josh Brolin", "Jacob Elordi, Margaret Qualley, Josh Brolin, Guy Pearce", "", "USD 7,709,729", "USD 14,940,327", "USD 38,889,327", "Avezzano, L'Aquila, Abruzzo, Italy", "English", "Dolby Atmos", "2.39 : 1", "Color", "0", "0", "Movie", "False", "False", "False"
"The Housemaid", "6.7", "200255", "https://www.imdb.com/title/tt27543632/", "https://m.media-amazon.com/images/M/MV5BNjZiYjg3YzEtZTkwOS00MWYzLTgxODctNmNhMWU2MTI2YmVjXkEyXkFqcGc@._V1_.jpg", "Millie a struggling young woman becomes live-in maid for a wealthy couple Nina and Andrew. She enters a mansion of secrets, manipulation, and escalating psychological games that pull her into a dangerous relationship dynamic.", "Drama, Mystery, Thriller", "131", "R", "abusive relationship, based on novel, psychological thriller, abusive man, abusive husband", "US", "55", "DOWN 4", "Paul Feig", "Rebecca Sonnenshine, Freida McFadden", "Sydney Sweeney, Amanda Seyfried, Brandon Sklenar", "Sydney Sweeney, Amanda Seyfried, Brandon Sklenar, Peter Colandro", "USD 35,000,000", "USD 19,010,430", "USD 126,432,462", "USD 400,487,421", "Saint Elizabeth University, Morristown, New Jersey, USA", "English, Italian", "Dolby Atmos", "2.39 : 1", "Color", "1", "11", "Movie", "False", "False", "False"
"Hanuman Ansh", "8.7", "11043", "https://www.imdb.com/title/tt39390582/", "https://m.media-amazon.com/images/M/MV5BM2IyZWQxZjEtZWM4YS00MjRhLWFkNWEtNjZhNTZlMDgxYWUxXkEyXkFqcGc@._V1_.jpg", "A grieving boy seeks God to meet his departed mother, and in finding the divine, learns to serve humanity with miracles of love, food and silent blessings, becoming Hanuman Ansh, Neem Karoli Baba.", "Biography, Drama", "150", "", "", "IN", "56", "DOWN 21", "Vishal Chaturvedi", "", "Shobhinav Satya, Vihaan Shedge, Chandan Anand", "Shobhinav Satya, Vihaan Shedge, Chandan Anand, Hunny Bakshi", "INR 18,000,000", "USD 786,249", "USD 786,249", "USD 28,686,249", "", "Hindi", "Dolby Digital", "2.39:1", "Color", "0", "0", "Movie", "False", "False", "False"
"Remarkably Bright Creatures", "7.6", "52016", "https://www.imdb.com/title/tt33100314/", "https://m.media-amazon.com/images/M/MV5BNzM3OTRlZDktYTk0OS00OTlmLWFhMjctMTZiODU4N2RiYzhhXkEyXkFqcGc@._V1_.jpg", "Through unlikely bonds formed during night shifts at a local aquarium, Tova, an elderly widow, learns of a life-changing discovery that may bring her joy and wonder once again.", "Comedy, Drama", "111", "PG-13", "octopus, road trip, aquarium, van, widow", "US", "57", "UP 74", "Olivia Newman", "Olivia Newman, John Whittington, Shelby Van Pelt", "Sally Field, Lewis Pullman, Colm Meaney", "Sally Field, Lewis Pullman, Colm Meaney, Joan Chen", "", "", "", "", "Maple Ridge, British Columbia, Canada", "English", "Dolby Digital", "1.85 : 1", "Color", "2", "5", "Movie", "False", "False", "False"
"Irumudi", "7.1", "4564", "https://www.imdb.com/title/tt39108319/", "https://m.media-amazon.com/images/M/MV5BMjZlMDBhYzktYTY4OS00ZGU3LWEwNzQtOTBiY2M0MTVjMmIyXkEyXkFqcGc@._V1_.jpg", "Follows an alcohol-addicted father with a violent past who lives peacefully with his daughter beside a waterfall and decides to take Ayyappa Deeksha at her request.", "Action, Drama, Family", "145", "", "", "IN", "58", "UP 13", "Shiva Nirvana", "", "Ravi Teja, Priya Bhavani Shankar, Baby Nakshatra", "Ravi Teja, Priya Bhavani Shankar, Baby Nakshatra, Karthik Adusumilli", "", "USD 1,037,343", "USD 1,037,343", "USD 1,453,791", "", "Telugu, Tamil, Hindi, Kannada, Malayalam", "Dolby Atmos", "2.39:1", "Color", "0", "0", "Movie", "False", "False", "False"
"Insidious: Out of the Further", "6.2", "16183", "https://www.imdb.com/title/tt32393988/", "https://m.media-amazon.com/images/M/MV5BMTY4YjM1OGItMDlmMi00OTU1LWEzM2MtZGMyZTQ1NzhiM2VhXkEyXkFqcGc@._V1_.jpg", "Gemma, a young mother raising her daughter in the house she grew up in, discovers she can travel into The Further, where she possesses an ability to bring what lives there back to the real world.", "Horror, Mystery, Thriller", "106", "PG-13", "australian actress playing american character, british actress playing american character, mexican, mexican man, african american woman", "AU", "59", "DOWN 25", "Jacob Chase", "Jacob Chase, David Leslie Johnson-McGoldrick, Leigh Whannell", "Amelia Eve, Island Austin, Lin Shaye", "Amelia Eve, Island Austin, Lin Shaye, Sam Spruell", "USD 18,000,000", "USD 25,106,020", "USD 63,937,599", "USD 164,237,599", "Melbourne, Victoria, Australia", "English", "Dolby Digital, Dolby Atmos, Dolby Surround 5.1, Dolby Surround 7.1", "2.39:1", "Color", "0", "0", "Movie", "False", "False", "False"
"Fall 2: Deadpoint", "5.6", "3974", "https://www.imdb.com/title/tt31192372/", "https://m.media-amazon.com/images/M/MV5BOTI4MjNjNDgtOWY2ZC00YTdjLThhMGItZjZiYjRhNmVhY2JhXkEyXkFqcGc@._V1_.jpg", "Grieving her sister Shiloh&apos;s death, Jax Hunter bonds with Shiloh&apos;s bold friend Luce. Together they tackle dangerous Mount Kwan in Thailand. When a rockslide traps them on a narrow plank 4,000 feet up, Jax must face her fears to su...", "Adventure, Drama, Thriller", "98", "PG-13", "sequel, psychological thriller, survival adventure", "GB", "60", "DOWN 28", "", "Jonathan Frank, Scott Mann", "Harriet Slater, Arsema Thomas, Tom Brittney", "Harriet Slater, Arsema Thomas, Tom Brittney, Virginia Gardner", "", "USD 2,320,061", "USD 5,004,805", "USD 11,932,704", "Thailand", "English", "Dolby Digital", "1.85 : 1", "Color", "0", "0", "Movie", "False", "False", "False"
"Masters of the Universe", "6.4", "124509", "https://www.imdb.com/title/tt0427340/", "https://m.media-amazon.com/images/M/MV5BMTJjYTFkM2EtZjBmNy00OTk2LTg0NTAtNzYxYzlmNjhkMzQ5XkEyXkFqcGc@._V1_.jpg", "Prince Adam discovers that the strange memories shaping his life are real when the lost Sword of Power resurfaces, forcing him to return to Eternia and challenge the tyrant who shattered his family and kingdom.", "Action, Adventure, Fantasy", "140", "PG-13", "masters of the universe, beefcake, superhero, bare chested male, magical sword", "US", "61", "DOWN 11", "Travis Knight", "Chris Butler, Aaron Nee, Adam Nee", "Nicholas Galitzine, Camila Mendes, Idris Elba", "Nicholas Galitzine, Camila Mendes, Idris Elba, Jared Leto", "USD 170,000,000", "USD 29,439,929", "USD 64,830,245", "USD 113,791,362", "Dolomites, Italy", "English", "Dolby Atmos, Dolby Digital, IMAX 6-Track", "2.39 : 1", "Color", "0", "6", "Movie", "False", "False", "False"
"Avengers: Doomsday", "0", "0", "https://www.imdb.com/title/tt21357150/", "https://m.media-amazon.com/images/M/MV5BNGEwYWZkN2UtOTQ5Mi00MGQzLWEzNjYtMWMyNDBkMTkzMWNkXkEyXkFqcGc@._V1_.jpg", "Heroes from three different worlds must unite when they&apos;re thrust together to confront a catastrophic danger that could destroy everything they know.", "Action, Adventure, Sci-Fi", "165", "PG-13", "army, doctor doom character, sequel, fifth part, based on comic book", "US", "62", "DOWN 3", "", "Jack Kirby, Stan Lee, Stephen McFeely", "Robert Downey Jr., Pedro Pascal, Chris Hemsworth", "Robert Downey Jr., Pedro Pascal, Chris Hemsworth, Vanessa Kirby", "", "", "", "", "Bahrain", "English", "Dolby Atmos, IMAX 6-Track, 12-Track Digital Sound, Dolby Surround 7.1", "", "Color", "0", "2", "Movie", "False", "False", "False"
"By Any Means", "6.8", "3472", "https://www.imdb.com/title/tt34379051/", "https://m.media-amazon.com/images/M/MV5BZTUwODQ5N2QtMGM3Ny00YTk1LWJlZTctMTE5ZTAzNTMwOGQxXkEyXkFqcGc@._V1_.jpg", "A notorious mafia hitman and a young Black FBI agent team up to investigate the murders of civil rights leaders in 1966 Mississippi.", "Action, Crime, Thriller", "107", "R", "whodunnit mystery, period drama, police procedural crime, three word title, missing person", "US", "63", "DOWN 32", "Elegance Bratton", "", "Yahya Abdul-Mateen II, Mark Wahlberg, Nicole Beharie", "Yahya Abdul-Mateen II, Mark Wahlberg, Nicole Beharie, David Strathairn", "", "USD 7,522,948", "USD 15,367,961", "USD 16,273,484", "Atlanta, Georgia, USA", "English", "", "2.39 : 1", "Color", "0", "0", "Movie", "False", "False", "False"
"I Want Your Sex", "5.9", "6983", "https://www.imdb.com/title/tt32332915/", "https://m.media-amazon.com/images/M/MV5BNzA0NDlhNmMtNzYyYy00NjI0LWFiZjEtYWIwOTFiMDkyM2JhXkEyXkFqcGc@._V1_.jpg", "Elliot lands a job for Erika Tracy as her sexual muse.", "Comedy, Romance", "90", "R", "gay, male frontal nudity, male nudity, muse, gay interest", "US", "64", "DOWN 27", "Gregg Araki", "Karley Sciortino, Gregg Araki", "Olivia Wilde, Cooper Hoffman, Mason Gooding", "Olivia Wilde, Cooper Hoffman, Mason Gooding, Chase Sui Wonders", "", "USD 634,877", "USD 1,484,433", "USD 2,223,340", "Los Angeles, California, USA", "English", "Dolby Surround 5.1, Dolby Digital", "1.85 : 1", "Color", "0", "0", "Movie", "False", "False", "False"
"The Last Sunrise", "5.6", "6368", "https://www.imdb.com/title/tt37654096/", "https://m.media-amazon.com/images/M/MV5BMjZlMjQxN2MtYjAyOS00YjliLWE3NjEtNDZjOWI5NTAxNTY2XkEyXkFqcGc@._V1_.jpg", "A young American woman with health challenges finds unexpected romance with a charismatic local during her summer in Majorca, forcing her to weigh her heart&apos;s desires against family obligations and her planned return home.", "Drama, Romance", "106", "R", "", "US", "65", "DOWN 16", "Carlson Young", "Anna Todd, Anna Klassen", "Maia Reficco, Eva Longoria, Fernando Lindez", "Maia Reficco, Eva Longoria, Fernando Lindez, Chloé Sweetlove", "", "", "", "", "Mallorca, Balearic Islands, Spain", "English", "Dolby Digital", "2.39 : 1", "Color", "0", "0", "Movie", "False", "False", "False"
"Forgotten Island", "7.7", "1470", "https://www.imdb.com/title/tt36583977/", "https://m.media-amazon.com/images/M/MV5BMWJlY2JiNTMtYTAwYy00NGFiLTkwYTEtM2VmNDc4MzM5YmJiXkEyXkFqcGc@._V1_.jpg", "Two best friends become stranded on the mystical world of Nakali, where their only escape might cost them their shared lifetime of memories.", "Animation, Action, Adventure", "109", "PG", "filipino woman, philippines, filipino culture, filipina, island adventure", "US", "66", "UP 131", "", "Joel Crawford, Januel P. Mercado", "Dave Franco, Jenny Slate, Manny Jacinto", "Dave Franco, Jenny Slate, Manny Jacinto, Ronny Chieng", "", "", "", "USD 1,500,000", "", "English", "Dolby Atmos", "2.39 : 1", "", "0", "0", "Movie", "False", "False", "False"
"The Drama", "7.1", "130850", "https://www.imdb.com/title/tt33071426/", "https://m.media-amazon.com/images/M/MV5BMTcwOGZhYmItYTg3ZS00NjUwLWJiMmQtMjU5YjEwYWY0NmNkXkEyXkFqcGc@._V1_.jpg", "A happily-engaged couple is put to the test when an unexpected turn sends their wedding week off the rails.", "Comedy, Drama, Romance", "105", "R", "dark comedy, wedding, telling a secret, awkwardness, childhood flashback", "US", "67", "DOWN 14", "Kristoffer Borgli", "", "Zendaya, Robert Pattinson, Alana Haim", "Zendaya, Robert Pattinson, Alana Haim, Mamoudou Athie", "USD 28,000,000", "USD 14,380,197", "USD 48,102,144", "USD 134,923,339", "Boston, Massachusetts, USA", "English", "Dolby Digital, Dolby Atmos", "1.85 : 1", "Color", "0", "8", "Movie", "False", "False", "False"
"Michael", "7.4", "189699", "https://www.imdb.com/title/tt11378946/", "https://m.media-amazon.com/images/M/MV5BNzllNmRlN2EtMDQyOC00ODJjLTg4OWQtZDNmNGU3YzlkNjc1XkEyXkFqcGc@._V1_.jpg", "The early life of musician Michael Jackson, from the discovery of his talent as the lead of the Jackson Five to the artist whose creative ambition fueled a pursuit to become the biggest entertainer in the world.", "Biography, Drama, History", "127", "PG-13", "michael jackson character, pop music, 1960s, father son relationship, 1970s", "US", "68", "DOWN 7", "Antoine Fuqua", "", "Jaafar Jackson, Nia Long, Colman Domingo", "Jaafar Jackson, Nia Long, Colman Domingo, Juliano Valdi", "USD 155,000,000", "USD 97,206,874", "USD 372,303,388", "USD 1,028,772,846", "Sony Pictures Studios - 10202 W. Washington Blvd., Culver City, California, USA", "English", "Dolby Digital, IMAX 6-Track, IMAX 5.0, Dolby Atmos, Dolby Surround 7.1, DTS:X, Datasat", "1.85 : 1", "Color", "7", "5", "Movie", "False", "False", "False"
"The Last House", "5.5", "60200", "https://www.imdb.com/title/tt32268156/", "https://m.media-amazon.com/images/M/MV5BNGVlY2E3YjYtMDI3OC00OTZjLWE5MTgtNzQ2NDdlNjMwMzVhXkEyXkFqcGc@._V1_.jpg", "A family of four is suddenly sealed inside their house with no way out and must work together to survive against both their dwindling resources and the mysterious, looming threat that is keeping them trapped.", "Action, Horror, Mystery", "112", "PG-13", "wolf, tentacled creature, teenager, putting down an animal, alien creature", "GB", "69", "DOWN 14", "Louis Leterrier", "", "Greta Lee, Wagner Moura, Riley Chung", "Greta Lee, Wagner Moura, Riley Chung, Noah Alexander Sosnowski", "", "", "", "", "Shepperton Studios, Shepperton, Surrey, England, UK", "English", "Dolby Digital, Dolby Atmos", "1.78 : 1", "Color", "0", "0", "Movie", "False", "False", "False"
"Den hemmelige kvinde", "6", "6278", "https://www.imdb.com/title/tt37275992/", "https://m.media-amazon.com/images/M/MV5BZGNiZGJjMTktZTEzYi00NzY3LWE2NDQtOWJmOGM0ODBhM2E0XkEyXkFqcGc@._V1_.jpg", "A woman with amnesia learns she has a family and shipping empire. Returning to her seemingly ideal former life, she seeks to discover why she abandoned it all.", "Drama", "118", "TV-14", "", "DK", "70", "DOWN 34", "Barbara Topsøe-Rothenborg", "Anders Frithiof August, Barbara Topsøe-Rothenborg, Anna Ekberg", "Natalie Wolfsberg Madueño, Claes Bang, Pål Sverre Hagen", "Natalie Wolfsberg Madueño, Claes Bang, Pål Sverre Hagen, Stina Ekblad", "", "", "", "", "", "Danish, Norwegian", "", "2.35 : 1", "Color", "0", "0", "Movie", "False", "False", "False"
"Tenzing", "8", "150", "https://www.imdb.com/title/tt6262770/", "https://m.media-amazon.com/images/M/MV5BZWY5NzQxOWQtZmFjYS00YmQ1LTk4NDktNDliMGZmYzM3ZmM1XkEyXkFqcGc@._V1_.jpg", "The untold and inspiring tale of one of the most important mountain climbers in history who, with Edmund Hillary, became the first person to reach the summit of Mount Everest.", "Adventure, Biography, Drama", "128", "PG", "journey, based on real people, reference to tenzing norgay, mount everest, 1950s", "GB", "71", "UP 1440", "Jennifer Peedom", "", "Willem Dafoe, Tom Hiddleston, Caitríona Balfe", "Willem Dafoe, Tom Hiddleston, Caitríona Balfe, Genden Phuntsok", "", "", "", "", "Mount Everest, Nepal", "English", "Dolby Digital, Dolby Atmos", "", "Color", "0", "0", "Movie", "False", "False", "False"
"The Dark Knight", "9.1", "3231027", "https://www.imdb.com/title/tt0468569/", "https://m.media-amazon.com/images/M/MV5BMTMxNTMwODM0NF5BMl5BanBnXkFtZTcwODAyMTk2Mw@@._V1_.jpg", "When a menace known as the Joker wreaks havoc and chaos on the people of Gotham, Batman, James Gordon and Harvey Dent must work together to put an end to the madness.", "Crime, Thriller", "152", "PG-13", "psychopath, moral dilemma, superhero, clown, criminal mastermind", "US", "72", "UP 8", "Christopher Nolan", "Jonathan Nolan, Christopher Nolan, David S. Goyer", "Christian Bale, Heath Ledger, Aaron Eckhart", "Christian Bale, Heath Ledger, Aaron Eckhart, Michael Caine", "USD 185,000,000", "USD 158,411,483", "USD 534,987,076", "USD 1,008,480,529", "Chicago, Illinois, USA", "English, Mandarin", "Dolby Digital, SDDS, DTS", "", "Color", "164", "165", "Movie", "False", "False", "False"
"Daniel", "5.6", "312", "https://www.imdb.com/title/tt37542993/", "https://m.media-amazon.com/images/M/MV5BNmY0MmU4ODktNTEzOC00OWFhLTk4NzctMTBhZjI2MzgxNjU1XkEyXkFqcGc@._V1_.jpg", "During the Jewish exile to Babylon, Daniel and his friends face trials as Babylon&apos;s armies conquer Jerusalem. Under King Nebuchadnezzar, they gain royal favor but make enemies. Their faith is tested at the fiery furnace.", "Drama", "108", "PG-13", "", "CA", "73", "UP 452", "", "Daniel Kooman, Matthew Kooman", "Mena Massoud, Elijah Alexander, Roberto Zenca", "Mena Massoud, Elijah Alexander, Roberto Zenca, Sophia Decaro", "", "USD 3,140,000", "USD 3,140,000", "USD 3,140,000", "", "English", "", "", "Color", "0", "0", "Movie", "False", "False", "False"
"Animals", "0", "0", "https://www.imdb.com/title/tt31049299/", "https://m.media-amazon.com/images/M/MV5BZmY3MmZiZjctOTgyYy00OGIxLTkwMDUtNDU3MGNkMGI3YWJlXkEyXkFqcGc@._V1_.jpg", "Desperate to pay their son&apos;s ransom, a mayoral candidate and his wife resort to extreme measures, revealing dark secrets they never intended to bring to light.", "Action, Crime, Drama", "106", "R", "kidnapping, son, money, cast, secret", "US", "74", "UP 747", "Ben Affleck", "Connor O. McIntyre, Billy Ray, Ben Affleck", "Ben Affleck, Gillian Anderson, Steven Yeun", "Ben Affleck, Gillian Anderson, Steven Yeun, Kerry Washington", "", "", "", "", "Los Angeles, California, USA", "English", "Dolby Digital", "", "Color", "1", "0", "Movie", "False", "False", "False"
"How to Rob a Bank", "0", "0", "https://www.imdb.com/title/tt35866986/", "https://m.media-amazon.com/images/M/MV5BMTk5MTAxYTItZjUzMC00NDk3LWI0OWMtZjM0YTU3ODUyMDk3XkEyXkFqcGc@._V1_.jpg", "Bank robbers are posting their heists on social media, causing police to chase them.", "Action, Comedy, Crime", "122", "R", "heist crime, dark comedy", "US", "75", "UP 1089", "David Leitch", "", "Nicholas Hoult, Christian Slater, Pete Davidson", "Nicholas Hoult, Christian Slater, Pete Davidson, Zoë Kravitz", "", "", "", "", "", "English", "Dolby Atmos", "1.85 : 1", "Color", "0", "0", "Movie", "False", "False", "False"
"The Paradise", "7.1", "4742", "https://www.imdb.com/title/tt31969655/", "https://m.media-amazon.com/images/M/MV5BMGI3N2I1ZWUtYzMyZS00MTRlLThlNDUtNWZhY2MxZTlmMDJjXkEyXkFqcGc@._V1_.jpg", "In 1980s Secunderabad, a marginalized tribe battles discrimination and fights for citizenship under an unexpected leader&apos;s guidance, challenging systemic oppression.", "Action, Adventure, Drama", "179", "", "epic action, one person army action, period drama, 1980s, slum", "IN", "76", "UP 747", "Srikanth Odela", "Srikanth Odela, Thota Srinivas, Vinay Sagar Jonnala", "Nani, Raghav Juyal, Kayadu Lohar", "Nani, Raghav Juyal, Kayadu Lohar, Sonali Kulkarni", "", "", "", "", "", "Telugu, Bengali, Hindi, English, Tamil, Spanish, Kannada, Malayalam", "Dolby Atmos, Dolby Digital, IMAX 6-Track", "2.39 : 1", "Color", "0", "0", "Movie", "False", "False", "False"
"Vishwanath &amp; Sons", "7.2", "7457", "https://www.imdb.com/title/tt35836025/", "https://m.media-amazon.com/images/M/MV5BOGRkYWFjNzAtODFhNS00NzM4LTk3NTAtNzgwMDg0OTE2ZTIzXkEyXkFqcGc@._V1_.jpg", "Sanjay Vishwanath has devoted decades to excellence as an international shooter. When age, family duties and an unexpected romance collide with his ambitions, he must confront what truly makes a life worth living.", "Drama, Family, Romance", "161", "", "feel good romance", "IN", "77", "DOWN 17", "Venky Atluri", "Venky Atluri, K N Vijayakumar", "Suriya, Mamitha Baiju, Radhika Sarathkumar", "Suriya, Mamitha Baiju, Radhika Sarathkumar, Raveena Tandon", "", "USD 1,634,000", "USD 1,634,000", "USD 12,334,000", "", "Tamil, Hindi, Telugu, Kannada, Malayalam", "Dolby Atmos, Dolby Digital", "2.39 : 1", "Color", "0", "0", "Movie", "False", "False", "False"
"Sense and Sensibility", "7.2", "253", "https://www.imdb.com/title/tt13609648/", "https://m.media-amazon.com/images/M/MV5BY2U1N2ExYTMtNGM2NS00ZmNiLTlkODktNzZmMjhjZGEzYjgyXkEyXkFqcGc@._V1_.jpg", "From Focus Features and Working Title comes an irresistible new take on Jane Austen&apos;s iconic Sense and Sensibility: a charming, witty, and deeply relatable story of love and sisterhood starring Daisy Edgar-Jones and Esmé Creed-Miles.", "Drama, Romance", "131", "PG", "journey, novel, love, period drama, costume drama", "GB", "78", "UP 129", "Georgia Oakley", "Diana Reid, Jane Austen", "Daisy Edgar-Jones, Esmé Creed-Miles, Caitríona Balfe", "Daisy Edgar-Jones, Esmé Creed-Miles, Caitríona Balfe, Bodhi Rae Breathnach", "", "", "", "", "", "English", "", "", "Color", "0", "0", "Movie", "False", "False", "False"
"Naza", "6.9", "1466", "https://www.imdb.com/title/tt44766123/", "https://m.media-amazon.com/images/M/MV5BM2YyZGY2MmEtMzU0Ni00YzNiLWEyZWUtNjU1MTAyYjYzYjE0XkEyXkFqcGc@._V1_.jpg", "Filmed at night from Tel Aviv rooftops, this investigative documentary examines the civilian casualties of Israel&apos;s military operations in Gaza and the systems behind targeted killings of Palestinians.", "Documentary, War", "80", "", "palestinian genocide, gaza genocide", "GB", "79", "UP 4", "", "Yuval Abraham, Rachel Szor", "Yuval Abraham", "Yuval Abraham", "", "", "", "", "", "Hebrew, English", "", "", "Color", "5", "1", "Movie", "False", "False", "False"
"Avengers: Endgame", "8.4", "1490803", "https://www.imdb.com/title/tt4154796/", "https://m.media-amazon.com/images/M/MV5BMWEyNDM2ZmQtMmFkNi00MTQ1LTk1MjItMzdlZGJlYmIyYzZlXkEyXkFqcGc@._V1_.jpg", "After the devastating events of Avengers: Infinity War (2018), the universe is in ruins. With the help of remaining allies, the Avengers assemble once more in order to reverse Thanos&apos; actions and restore balance to the universe.", "Action, Adventure, Sci-Fi", "181", "PG-13", "time travel, superhero, super villain, marvel cinematic universe, superhero team", "US", "80", "DOWN 28", "", "Christopher Markus, Stephen McFeely, Stan Lee", "Robert Downey Jr., Chris Evans, Mark Ruffalo", "Robert Downey Jr., Chris Evans, Mark Ruffalo, Chris Hemsworth", "USD 356,000,000", "USD 357,115,007", "USD 858,373,000", "USD 2,799,439,100", "Durham Cathedral, The College, Durham, County Durham, England, UK", "English, Japanese, Xhosa, German", "Dolby Atmos, Auro 11.1, Dolby Surround 7.1, Dolby Digital, Sonics-DDP, 12-Track Digital Sound, IMAX 6-Track, SDDS", "2.39 : 1", "Color", "71", "132", "Movie", "False", "False", "False"
"You Can See Everything", "0", "0", "https://www.imdb.com/title/tt45368240/", "https://m.media-amazon.com/images/M/MV5BZDUwOWFlMWMtZjFkOC00YmE2LWI2MmUtNGFiMGE2MGUzZmNlXkEyXkFqcGc@._V1_.jpg", "Thirty-four days before she&apos;s sent to prison, notorious Theranos founder Elizabeth Holmes invites a skeptical film crew to document her every move. What begins as an intimate portrait becomes a mind-bending three-year journey.", "Documentary, Biography", "174", "R", "", "US", "81", "DOWN 60", "", "", "Billy Evans, Nathan Fielder, Elizabeth Holmes", "Billy Evans, Nathan Fielder, Elizabeth Holmes", "", "", "", "", "", "English", "", "1.33 : 1", "Color", "0", "0", "Movie", "False", "False", "False"
"Interstellar", "8.7", "2611747", "https://www.imdb.com/title/tt0816692/", "https://m.media-amazon.com/images/M/MV5BYzdjMDAxZGItMjI2My00ODA1LTlkNzItOWFjMDU5ZDJlYWY3XkEyXkFqcGc@._V1_.jpg", "In a dystopian future where Earth has become near-uninhabitable, a team of astronauts embark on a mission to find a new home for humanity.", "Adventure, Sci-Fi", "169", "PG-13", "saving the world, astronaut, space travel, father daughter relationship, wormhole", "US", "82", "DOWN 9", "Christopher Nolan", "Jonathan Nolan, Christopher Nolan", "Matthew McConaughey, Anne Hathaway, Jessica Chastain", "Matthew McConaughey, Anne Hathaway, Jessica Chastain, Ellen Burstyn", "USD 165,000,000", "USD 47,510,360", "USD 203,227,580", "USD 783,020,399", "Iceland", "English", "Datasat, Dolby Digital, IMAX 6-Track, Dolby Surround 7.1, Dolby Atmos, Auro 11.1", "", "Color", "45", "148", "Movie", "False", "False", "False"
"Evil Dead Burn", "6.3", "48482", "https://www.imdb.com/title/tt31170389/", "https://m.media-amazon.com/images/M/MV5BZTljMTZjZTItZjMzZi00NDBhLWFmMzAtOGNiNTlhY2MxMzg5XkEyXkFqcGc@._V1_.jpg", "After the loss of her husband, a woman seeks solace with her in-laws. As one by one they transform into deadites, she comes to discover that the vows she took in life - survive even in death.", "Horror", "110", "R", "deadites, evil dead, supernatural horror, monster horror, family relationships", "NZ", "83", "UP 29", "Sébastien Vanicek", "Sébastien Vanicek, Florent Bernard", "Souheila Yacoub, Tandi Wright, Hunter Doohan", "Souheila Yacoub, Tandi Wright, Hunter Doohan, Luciane Buchanan", "USD 20,000,000", "USD 13,701,012", "USD 32,237,058", "USD 72,361,568", "Auckland, New Zealand", "English, French", "Dolby Digital, Dolby Atmos", "2.39 : 1", "Color", "0", "0", "Movie", "False", "False", "False"
"Gunche", "6.5", "16543", "https://www.imdb.com/title/tt34385135/", "https://m.media-amazon.com/images/M/MV5BNzI5YWViNGUtNGRiMy00OThhLWIwOGUtZjkyZDk2NjliODY2XkEyXkFqcGc@._V1_.jpg", "Professor Se Jeong attends a biotech conference, only to witness it spiral into catastrophe when a rapidly mutating virus is unleashed. As the outbreak spreads and the infected begin to transform, authorities seal off the entire f...", "Action, Adventure, Crime", "123", "R", "zombie horror, virus, mall, biotechnology, zombie", "KR", "84", "DOWN 19", "Yeon Sang-ho", "Choi Kyu-seok, Yeon Sang-ho", "Jun Ji-hyun, Koo Kyo-hwan, Ji Chang-wook", "Jun Ji-hyun, Koo Kyo-hwan, Ji Chang-wook, Kim Shin-rock", "KRW 17,000,000,000", "USD 676,801", "USD 1,288,614", "USD 52,956,388", "Dangjin, Chungcheongnam-do, South Korea", "Korean", "Dolby Digital", "2.35 : 1", "Color", "1", "0", "Movie", "False", "False", "False"
"Bad Apples", "7.1", "1576", "https://www.imdb.com/title/tt29714073/", "https://m.media-amazon.com/images/M/MV5BNmViZDJhOWItMGRkMC00ZTlmLTg4ZGYtYjU5MzM2N2ZhNTZlXkEyXkFqcGc@._V1_.jpg", "A struggling primary school teacher begins to make some questionable decisions after one of her students is injured.", "Comedy, Mystery, Thriller", "100", "R", "satire comedy", "GB", "85", "UP 84", "Jonatan Etzler", "Jess O'Kane, Rasmus Lindgren", "Eddie Waller, Sean Gilder, Harvey Ip", "Eddie Waller, Sean Gilder, Harvey Ip, Lakhan Konsal", "", "", "", "USD 51,414", "Culverhay School, Bath, UK", "English", "", "", "Color", "0", "2", "Movie", "False", "False", "False"
"Moana", "5.8", "18080", "https://www.imdb.com/title/tt27419466/", "https://m.media-amazon.com/images/M/MV5BMTQ1OTQ2Y2UtMzllNS00ODFiLWFkNGItNGRjOWRlMjIwNTRlXkEyXkFqcGc@._V1_.jpg", "A brave teenager named Moana leaves her island for the first time and sails with a shape-shifting demigod named Maui to fix a dangerous curse.", "Action, Adventure, Comedy", "115", "PG", "live action adaptation, sea adventure, polynesian, based on film, based on cartoon", "US", "86", "DOWN 47", "Thomas Kail", "Jared Bush, Dana Ledoux Miller, Ron Clements", "Dwayne Johnson, Catherine Laga'aia, Rena Owen", "Dwayne Johnson, Catherine Laga'aia, Rena Owen, John Tui", "USD 250,000,000", "USD 43,142,824", "USD 126,229,663", "USD 321,931,663", "Oahu, Hawaii, USA", "English, Samoan", "IMAX 6-Track, Dolby Atmos, Dolby Digital", "2.39 : 1", "Color", "0", "0", "Movie", "False", "False", "False"
"Sinners", "7.5", "527443", "https://www.imdb.com/title/tt31193180/", "https://m.media-amazon.com/images/M/MV5BNjIwZWY4ZDEtMmIxZS00NDA4LTg4ZGMtMzUwZTYyNzgxMzk5XkEyXkFqcGc@._V1_.jpg", "Trying to leave their troubled lives behind, twin brothers return to their hometown to start again, only to discover that an even greater evil is waiting to welcome them back.", "Horror", "137", "R", "1930s, supernatural horror, period horror, vampire, urination", "US", "87", "UP 9", "Ryan Coogler", "", "Michael B. Jordan, Jack O'Connell, Hailee Steinfeld", "Michael B. Jordan, Jack O'Connell, Hailee Steinfeld, Miles Caton", "USD 90,000,000", "USD 48,007,468", "USD 279,989,632", "USD 371,568,759", "New Orleans, Louisiana, USA", "English, Chinese", "Datasat, Dolby Atmos, SDDS, DTS 70 mm, Dolby Surround 7.1, Dolby Digital, Auro 11.1, DTS:X, IMAX 6-Track", "2.76 : 1", "Color", "344", "506", "Movie", "False", "False", "False"
"Tuner", "7.2", "30549", "https://www.imdb.com/title/tt33296751/", "https://m.media-amazon.com/images/M/MV5BNDA0ZjZjYTktZjg1MC00MDRiLWEzYjItMTQ1ZWFkOTUxNjc0XkEyXkFqcGc@._V1_.jpg", "A talented piano tuner who suffers from hyperacusis discovers an unexpected aptitude for cracking safes, turning his life upside down.", "Crime, Drama, Music", "107", "R", "heist crime, eating paper, piano concert, wristwatch, headphone", "CA", "88", "DOWN 18", "Daniel Roher", "Daniel Roher, Robert Ramsey", "Leo Woodall, Dustin Hoffman, Alisen Richmond-Peck", "Leo Woodall, Dustin Hoffman, Alisen Richmond-Peck, Ellyn Jameson", "", "USD 104,420", "USD 4,511,186", "USD 14,506,443", "Toronto, Ontario, Canada", "English", "Dolby Digital", "1.85 : 1", "Color", "0", "5", "Movie", "False", "False", "False"
"The Little Things", "6.3", "146972", "https://www.imdb.com/title/tt10016180/", "https://m.media-amazon.com/images/M/MV5BZmRjYmQ5Y2YtYTUyMy00OTg0LWE1YmEtZTI2NDYxYTBhYTYxXkEyXkFqcGc@._V1_.jpg", "A deputy sheriff and a sergeant search for a serial killer who&apos;s terrorizing Los Angeles.", "Crime, Mystery, Thriller", "128", "R", "serial killer, los angeles california, murder, murder investigation, murder of a prostitute", "US", "89", "DOWN 41", "John Lee Hancock", "", "Denzel Washington, Rami Malek, Jared Leto", "Denzel Washington, Rami Malek, Jared Leto, Chris Bauer", "USD 30,000,000", "USD 4,705,527", "USD 15,342,746", "USD 30,842,746", "Mosman's Steak House - 46643 60th St. West, Lancaster, California, USA", "English, Spanish, Arabic", "Dolby Surround 7.1, Dolby Digital, Dolby Atmos", "2.39 : 1", "Color", "1", "2", "Movie", "False", "False", "False"
"The Death of Robin Hood", "6", "20274", "https://www.imdb.com/title/tt32273171/", "https://m.media-amazon.com/images/M/MV5BYTRmNzlmZjEtYjkzMC00MmNjLThiOGYtZjM5MjFiZDQyM2IwXkEyXkFqcGc@._V1_.jpg", "Grappling with his past after a life of crime and murder, Robin Hood finds himself gravely injured after a battle he thought would be his last. In the hands of a mysterious woman, he is offered a chance at salvation.", "Action, Adventure, Drama", "122", "R", "robin hood character, 13th century, folk horror, snowstorm, campfire", "US", "90", "DOWN 24", "Michael Sarnoski", "", "Hugh Jackman, Jodie Comer, Bill Skarsgård", "Hugh Jackman, Jodie Comer, Bill Skarsgård, Jade Croot", "", "USD 2,867,662", "USD 5,355,164", "USD 9,772,186", "Belfast, Northern Ireland, UK", "English", "Dolby Surround 7.1, Dolby Surround 5.1, Dolby Atmos", "1.66 : 1, 1.78 : 1, 2.39 : 1", "Color", "0", "0", "Movie", "False", "False", "False"
"The Love Hypothesis", "7.1", "8311", "https://www.imdb.com/title/tt22526100/", "https://m.media-amazon.com/images/M/MV5BYWI2ZWZjZGItZDFiMi00ODBmLThmODktY2FlZmNkNmU4YTEzXkEyXkFqcGc@._V1_.jpg", "After an impulsive kiss, two scientists end up in a fake relationship, testing their theories about love and each other.", "Comedy, Romance", "110", "R", "love, fake dating, feel good romance, kiss, based on novel", "US", "91", "UP 125", "Claire Scanlon", "Ali Hazelwood, Sarah Rothschild", "Lili Reinhart, Tom Bateman, Rachel Marsh", "Lili Reinhart, Tom Bateman, Rachel Marsh, Jaboukie Young-White", "", "", "", "", "Montréal, Québec, Canada", "English", "", "", "Color", "0", "0", "Movie", "False", "False", "False"
"The Prestige", "8.5", "1628736", "https://www.imdb.com/title/tt0482571/", "https://m.media-amazon.com/images/M/MV5BM2Y0YmM5MWYtZTYzNi00ZjU5LTlmOGYtZDQ4ODQyMjAzNjQ2XkEyXkFqcGc@._V1_.jpg", "Two magicians dismantle their lives to outmaneuver each other following a shared tragedy. They chase the ultimate illusion across Victorian London, sacrificing sanity and safety to master a teleportation feat that defies all logic.", "Drama, Mystery, Sci-Fi", "130", "PG-13", "", "", "", "", "", "", "", "", "", "", "", "", "", "", "", "", "", "0", "0", "", "False", "False", "False"
"Toi + Moi: Seuls contre tous", "4.8", "1061", "https://www.imdb.com/title/tt43617372/", "https://m.media-amazon.com/images/M/MV5BODVmMTk3ZGYtODJhNS00N2E2LThkZGYtNDRmYmI2MGJjMGM5XkEyXkFqcGc@._V1_.jpg", "Alma Lancaster, conceals her filmmaking ambitions from her rich family who believe she&apos;s in law school. She falls for rebel Vadim Arcadi, while creating a student film. Someone observes, poised to reveal secrets that could destroy...", "Drama, Romance", "94", "TV-MA", "", "FR", "93", "UP 2014", "Manon Gaurin", "Manon Gaurin, Emma Green, Alix Letribot", "Adam Abdo, Maï Anh Le, Lucas Barski", "Adam Abdo, Maï Anh Le, Lucas Barski, Jean-Yves Berteloot", "", "", "", "", "", "French", "", "", "Color", "0", "0", "Movie", "False", "False", "False"
"The Godfather", "9.2", "2258868", "https://www.imdb.com/title/tt0068646/", "https://m.media-amazon.com/images/M/MV5BNGEwYjgwOGQtYjg5ZS00Njc1LTk2ZGEtM2QwZWQ2NjdhZTE5XkEyXkFqcGc@._V1_.jpg", "The aging patriarch of an organized crime dynasty transfers control of his clandestine empire to his reluctant son.", "Crime, Drama", "175", "R", "mafia, patriarch, crime family, organized crime, gangster", "US", "94", "DOWN 6", "Francis Ford Coppola", "Mario Puzo, Francis Ford Coppola", "Marlon Brando, Al Pacino, James Caan", "Marlon Brando, Al Pacino, James Caan, Richard S. Castellano", "USD 6,000,000", "USD 302,393", "USD 136,381,073", "USD 250,933,436", "Forza d'Agrò, Messina, Sicily, Italy", "English, Italian, Latin", "Mono, Dolby Digital", "1.85 : 1", "Color", "31", "31", "Movie", "False", "False", "False"
"Whalefall", "0", "0", "https://www.imdb.com/title/tt28535715/", "https://m.media-amazon.com/images/M/MV5BN2FjZmNjYzctNDEzNC00YTNmLWFmOTItMjAyMDUxNWY1NmFkXkEyXkFqcGc@._V1_.jpg", "Follows a scuba diver who, while looking for his father&apos;s remains, is swallowed by an 80-foot, 60-ton sperm whale and has just one hour to get out before his oxygen runs out.", "Thriller", "106", "PG-13", "whale, swallowed by a whale, scuba diver, survival, sperm whale", "US", "95", "UP 138", "Brian Duffield", "Brian Duffield, Daniel Kraus", "Josh Brolin, Austin Abrams, Elisabeth Shue", "Josh Brolin, Austin Abrams, Elisabeth Shue, Jane Levy", "", "", "", "", "Monterey, California, USA", "English", "", "", "Color", "0", "0", "Movie", "False", "False", "False"
"Inception", "8.8", "2872442", "https://www.imdb.com/title/tt1375666/", "https://m.media-amazon.com/images/M/MV5BMjAxMzY3NjcxNF5BMl5BanBnXkFtZTcwNTI5OTM0Mw@@._V1_.jpg", "A thief who steals corporate secrets through the use of dream-sharing technology is given the inverse task of planting an idea into the mind of a CEO, but his tragic past may doom the project and his team to disaster.", "Adventure, Sci-Fi, Thriller", "148", "PG-13", "dream, ambiguous ending, subconscious, mindbender, surprise ending", "GB", "96", "DOWN 14", "Christopher Nolan", "", "Leonardo DiCaprio, Joseph Gordon-Levitt, Elliot Page", "Leonardo DiCaprio, Joseph Gordon-Levitt, Elliot Page, Tom Hardy", "USD 160,000,000", "USD 62,785,337", "USD 292,587,330", "USD 839,796,627", "Fortress Mountain, Kananaskis Country, Alberta, Canada", "English, Japanese, French", "Dolby Digital, DTS, SDDS", "2.39 : 1", "Color", "160", "220", "Movie", "False", "False", "False"
"Harry Potter and the Sorcerer&apos;s Stone", "7.7", "968177", "https://www.imdb.com/title/tt0241527/", "https://m.media-amazon.com/images/M/MV5BNTU1MzgyMDMtMzBlZS00YzczLThmYWEtMjU3YmFlOWEyMjE1XkEyXkFqcGc@._V1_.jpg", "An orphaned boy enrolls in a school of wizardry, where he learns the truth about himself, his family and the terrible evil that haunts the magical world.", "Adventure, Family, Fantasy", "152", "PG", "magic, wizard, school of magic, bully, orphan", "GB", "97", "FLAT 0", "Chris Columbus", "J.K. Rowling, Steve Kloves", "Daniel Radcliffe, Rupert Grint, Emma Watson", "Daniel Radcliffe, Rupert Grint, Emma Watson, Richard Harris", "USD 125,000,000", "USD 90,294,621", "USD 319,765,078", "USD 1,034,720,582", "Alnwick Castle, Alnwick, Northumberland, England, UK", "English, Latin", "DTS-ES, Dolby Digital EX, 12-Track Digital Sound, IMAX 6-Track", "2.39 : 1", "", "20", "75", "Movie", "False", "False", "False"
"Wife and Dog", "0", "0", "https://www.imdb.com/title/tt32359344/", "", "The relentless greed of the Fairbank family and their associates who fuel betrayal and murder in the battle for succession.", "Action, Crime, Thriller", "0", "", "", "GB", "98", "UP 2868", "Guy Ritchie", "", "Rosamund Pike, James Norton, Anthony Hopkins", "Rosamund Pike, James Norton, Anthony Hopkins, Benedict Cumberbatch", "", "", "", "", "London, England, UK", "English", "", "", "Color", "0", "0", "Movie", "False", "False", "False"
"Toy Story 5", "7.3", "85668", "https://www.imdb.com/title/tt29355505/", "https://m.media-amazon.com/images/M/MV5BZTI1YTBiNmEtYWUxZi00YzFkLWIzNjMtMmZjMmY2NzM0ZWMzXkEyXkFqcGc@._V1_.jpg", "Woody, Buzz, Jessie and the rest of the gang&apos;s jobs are challenged when they&apos;re introduced to electronics, a new threat to playtime.", "Animation, Adventure, Comedy", "102", "PG", "sequel, talking toy, buzz lightyear character, slinky dog character, toy story", "US", "99", "DOWN 7", "", "Andrew Stanton, McKenna Harris", "Tom Hanks, Tim Allen, Joan Cusack", "Tom Hanks, Tim Allen, Joan Cusack, Conan O'Brien", "USD 250,000,000", "USD 159,677,837", "USD 480,257,597", "USD 1,146,070,597", "Pixar Animation Studios - 1200 Park Avenue, Emeryville, California, USA", "English", "Sonics-DDP, Auro 11.1, D-Cinema 96kHz Dolby Surround 7.1, Dolby Atmos, Dolby Digital, 12-Track Digital Sound, Dolby Surround 7.1, D-Cinema 96kHz 7.1, DTS:X", "1.85 : 1", "Color", "0", "4", "Movie", "False", "False", "False"
"One Battle After Another", "7.6", "447759", "https://www.imdb.com/title/tt30144839/", "https://m.media-amazon.com/images/M/MV5BMzBkZmQ0NjMtNTZlMy00ZjdlLTg5ODUtYWFlNGM0YzE3MTg0XkEyXkFqcGc@._V1_.jpg", "When their enemy resurfaces after 16 years, a group of ex-revolutionaries reunite to rescue the daughter of one of their own.", "Crime, Thriller", "161", "R", "revolution, terrorism, political violence, based on novel, father daughter relationship", "US", "100", "UP 10", "Paul Thomas Anderson", "Paul Thomas Anderson, Thomas Pynchon", "Leonardo DiCaprio, Sean Penn, Benicio Del Toro", "Leonardo DiCaprio, Sean Penn, Benicio Del Toro, Teyana Taylor", "USD 130,000,000", "USD 22,000,387", "USD 72,918,884", "USD 213,218,884", "Murphy's Market - 4020 Walnut Drive, Eureka, California, USA", "English, Spanish", "IMAX 6-Track, Dolby Atmos, Dolby Surround 7.1, DTS:X, DTS 70 mm, Auro 11.1", "", "Color", "292", "510", "Movie", "False", "False", "False"
